rank,name,revenues,revenue_percent_change,profits,profits_percent_change,assets,market_value,change_in_rank,employees
1,Walmart,572754,24000.00%,13673,12000.00%,244860,409795,-,2300000
1,Walmart,572754,24000.00%,13673,12000.00%,244860,409795,-,2300000
2,Amazon,469822,217000.00%,33364,564000.00%,420549,1658807.3,-,1608000
2,Amazon,469822,217000.00%,33364,564000.00%,420549,1658807.3,-,1608000
3,Apple,365817,333000.00%,94680,649000.00%,351002,2849537.6,-,154000
4,CVS Health,292111,87000.00%,7910,102000.00%,232999,132839.2,-,258000
5,UnitedHealth Group,287597,118000.00%,17285,122000.00%,212206,479830.3,-,350000
6,Exxon Mobil,285640,574000.00%,23040,-,338923,349652.4,4,63000
7,Berkshire Hathaway,276094,125000.00%,89795,1112000.00%,958784,779542.3,-1,372000
8,Alphabet,257637,412000.00%,76033,888000.00%,359268,1842326.1,1,156500
9,McKesson,238228,31000.00%,-4539,-6043000.00%,65015,45857.8,-2,67500
10,AmerisourceBergen,213988.8,127000.00%,1539.9,-,57337.8,32355.7,-2,40000
11,Costco Wholesale,195929,175000.00%,5007,251000.00%,59268,255230.7,1,288000
12,Cigna,174078,85000.00%,5365,-366000.00%,154889,76286.3,1,72963
13,AT&T,168864,-17000.00%,20081,-,551622,169262.4,-2,202600
14,Microsoft,168088,175000.00%,61271,384000.00%,333779,2311358.9,1,181000
15,Cardinal Health,162467,62000.00%,611,-,44453,15709.4,-1,46827
16,Chevron,162465,716000.00%,15625,-,239535,317120.1,11,42595
17,Home Depot,151157,144000.00%,16433,277000.00%,71876,309312.6,1,490600
18,Walgreens Boots Alliance,148579,65000.00%,2542,4575000.00%,81285,38671.1,-2,258500
19,Marathon Petroleum,141032,585000.00%,9738,-,85373,47758.1,13,17700
20,Elevance Health,138639,138000.00%,6104,335000.00%,97460,118533.5,3,98200
21,Kroger,137888,41000.00%,1655,-360000%,49086,41496.2,-4,420000
22,Ford Motor,136341,72000.00%,17937,-,257035,67958.2,-1,183000
23,Verizon Communications,133613,41000.00%,22065,240000%,366596,213837.1,-3,118400
24,JPMorgan Chase,127202,-18000.00%,48334,659000.00%,3743567,402526.9,-5,271025
25,General Motors,127004,37000.00%,10019,559000.00%,244718,63555.2,-3,157000
26,Centene,125982,134000.00%,1347,-255000.00%,78375,49072.2,-2,72500
27,Meta Platforms,117929,372000.00%,39370,351000.00%,165987,605251,7,71970
28,Comcast,116385,124000.00%,14159,344000.00%,275905,212245.8,-2,189000
29,Phillips 66,114852,754000.00%,1317,-,55594,41561,19,14000
30,Valero Energy,108332,802000.00%,930,-,57888,41572.2,23,9804
31,Dell Technologies,106995,136000.00%,5563,712000.00%,92735,38164.4,-3,133000
32,Target,106005,133000.00%,6946,590000%,53811,98134.4,-2,450000
33,Fannie Mae,101543,-46000.00%,22176,879000.00%,4229166,909.1,-8,7400
34,UPS,97287,150000%,12890,8598000.00%,69405,186816.6,1,400945
35,Lowe's,96250,74000.00%,8442,447000.00%,44640,133761.1,-4,270000
36,Bank of America,93851,1000.00%,31978,787000.00%,3169495,332433.3,-7,208248
37,Johnson & Johnson,93775,136000.00%,20878,419000.00%,182018,466046.7,-1,141700
38,Archer Daniels Midland,85249,325000.00%,2709,529000.00%,56136,50769.2,13,39979
39,FedEx,83959,213000.00%,5231,3068000.00%,82777,59971.3,6,484000
40,Humana,83064,77000.00%,2933,-129000.00%,44358,55154.9,1,95500
41,Wells Fargo,82407,26000.00%,21548,5528000.00%,1948068,184225,-4,247848
42,State Farm Insurance,82224.7,42000.00%,1280.9,-657000.00%,325349.3,-,-3,53586
43,Pfizer,81288,940000%,21979,1286000.00%,181476,292385.3,34,79000
44,Citigroup,79865,-101000.00%,21952,987000.00%,2291413,105330.1,-11,221768
45,PepsiCo,79474,129000.00%,7618,70000%,92377,231528.2,-1,309000
46,Intel,79024,15000.00%,19868,-49000.00%,168406,202635.8,-6,121100
47,Procter & Gamble,76118,73000.00%,14306,98000.00%,119307,366271.6,-4,101000
48,General Electric,74196,-68000.00%,-6520,-2143000.00%,198874,100810.2,-10,168000
49,IBM,72344,-17000.00%,5743,27000.00%,132001,116928.3,-7,297800
50,MetLife,71080,48000.00%,6554,212000.00%,759708,57986.5,-4,43000
51,Prudential Financial,70934,244000.00%,7724,-,937582,44482.2,4,40916
52,Albertsons,69690.4,116000.00%,850.2,823000.00%,26598,16063.7,-,300000
53,Walt Disney,67418,31000.00%,1995,-,203609,249718.1,-3,171000
54,Energy Transfer,67417,731000.00%,5470,-,105963,34496.9,27,12558
55,Lockheed Martin,67044,25000.00%,6315,-76000.00%,50873,117648.2,-6,114000
56,Freddie Mac,65898,-5000.00%,12109,653000.00%,3025586,510.3,-9,7301
57,Goldman Sachs Group,64989,215000.00%,21635,1287000.00%,1463988,117667.6,2,43900
58,Raytheon Technologies,64388,138000.00%,3864,-,161404,147640.9,-1,174000
59,HP,63487,121000.00%,6503,1287000.00%,38610,38237.2,-3,51000
60,Boeing,62286,71000.00%,-4202,-,138552,113058.7,-6,142000
60,Boeing,62286,71000.00%,-4202,-,138552,113058.7,-6,142000
61,Morgan Stanley,61121,174000.00%,15034,367000.00%,1188140,155685.6,-,74814
62,HCA Healthcare,58752,140000%,6956,853000.00%,50742,75691.9,-,244000
63,AbbVie,56197,227000.00%,11542,1500000%,146529,286332.4,5,50000
64,Dow,54968,426000.00%,6311,4152000.00%,62990,46839.7,18,35700
65,Tesla,53823,707000.00%,5519,6655000.00%,62131,1113707.8,35,99290
66,Allstate,53228,188000.00%,1599,-713000.00%,99440,38553.7,4,54500
67,AIG,52057,190000%,9388,-,596112,50608.2,5,36600
68,Best Buy,51761,95000.00%,2454,365000.00%,17504,20473.2,-2,81375
69,Charter Communications,51682,75000.00%,4654,444000.00%,142491,112803.4,-5,93700
70,Sysco,51297.8,-30000%,524.2,1433000.00%,21413.5,41433.1,-10,57710
71,Merck,51216,67000.00%,13049,846000.00%,105694,207400.5,-6,67500
72,New York Life Insurance,51198.5,96000.00%,277.1,-,379984.6,-,-5,14344
73,Caterpillar,50971,221000.00%,6489,1164000.00%,82793,119406.6,5,107700
74,Cisco Systems,49818,10000%,10591,-56000.00%,97497,231636.4,-11,79500
75,TJX,48550,511000.00%,3282.8,35286000.00%,28461.5,71195.3,22,340000
76,Publix Super Markets,48393.9,71000.00%,4412.2,111000.00%,31524.3,-,-7,232000
77,ConocoPhillips,48349,1511000.00%,8079,-,90661,129605.1,79,9900
78,Liberty Mutual Insurance Group,48200,101000.00%,3068,3047000.00%,156043,-,-7,45000
79,Progressive,47702,118000.00%,3350.9,-413000.00%,71132.3,66670.3,-5,49077
80,Nationwide,47376,130000%,1617.2,-,278412.2,-,-4,24134
81,Tyson Foods,47049,89000.00%,3047,478000.00%,36309,32487.8,-8,137000
82,Bristol-Myers Squibb,46385,91000.00%,6994,-,109314,155203.5,-7,32200
83,Nike,44538,191000.00%,5727,1256000.00%,37740,212779.1,2,73300
84,Deere,44024,239000.00%,5963,1168000.00%,84114,127456.6,4,75550
85,American Express,43663,143000.00%,8060,1571000.00%,188548,141613,-2,64000
86,Abbott Laboratories,43075,245000.00%,7071,573000.00%,75196,208725.8,3,113000
87,StoneX Group,42534.2,-214000.00%,116.3,-314000.00%,18839.6,1494.4,-29,3242
88,Plains GP Holdings,42078,807000.00%,60,-,29978,2242.9,39,4100
89,Enterprise Products Partners,40806.9,500000%,4637.7,228000.00%,67525.6,56172.4,16,6911
90,TIAA,40526.4,-26000.00%,4060.7,6276000.00%,698190.8,-,-11,15065
91,Oracle,40479,36000.00%,13746,356000.00%,131107,220736.6,-11,132000
92,Thermo Fisher Scientific,39211,217000.00%,7725,212000.00%,95123,231057.4,3,129000
93,Coca-Cola,38655,171000.00%,9771,261000.00%,94354,268769.7,-,79000
93,Coca-Cola,38655,171000.00%,9771,261000.00%,94354,268769.7,-,79000
94,General Dynamics,38469,14000.00%,3257,28000.00%,50073,67081,-10,103100
95,CHS,38448,354000.00%,554,311000.00%,17576.3,-,8,9941
96,USAA,37469.6,32000.00%,3300,-155000.00%,210676.5,-,-9,37335
97,Northwestern Mutual,36751.2,88000.00%,977.8,1301000.00%,334653.8,-,-7,7585
98,Nucor,36483.9,812000.00%,6827.5,8463000.00%,25823.1,39954,51,28800
99,Exelon,36347,100000%,1706,-131000.00%,133013,46683.9,-7,31518
100,Massachusetts Mutual Life Insurance,35899.5,517000.00%,319.3,-,383292.4,-,23,10052
101,Northrop Grumman,35667,-31000.00%,7005,1197000.00%,42579,69811.9,-15,88000
102,3M,35355,99000.00%,5921,100000%,47072,84738.3,-6,95000
103,Travelers,34816,89000.00%,3662,358000.00%,120466,44129.4,-5,30492
104,Arrow Electronics,34477,202000.00%,1108.2,896000.00%,19535.5,7951.3,-2,20700
105,Honeywell International,34392,54000.00%,5542,160000%,64470,133381,-11,99000
106,Dollar General,34220.4,14000.00%,2399.2,-96000.00%,26327.4,50953,-15,163000
107,Qualcomm,33566,426000.00%,9043,740000%,41240,172228.1,17,45000
108,Capital One Financial,32033,12000.00%,12390,3565000.00%,432381,53260.4,-9,50767
109,TD Synnex,31614.2,281000.00%,395.1,-253000.00%,27666.4,9853.6,8,27000
110,Philip Morris International,31405,94000.00%,9109,131000.00%,41290,145614.7,-9,69600
111,World Fuel Services,31337,539000.00%,73.7,-328000.00%,5942.4,1715.5,36,4414
112,Performance Food Group,30398.9,212000.00%,40.7,-,7845.7,7880.9,2,22885
113,Delta Air Lines,29899,749000.00%,280,-,72459,25322,65,83000
114,American Airlines Group,29882,724000.00%,-1993,-,66467,11847.2,60,123400
115,Netflix,29697.8,188000.00%,5116.2,853000.00%,44584.7,166304.1,-,11300
116,Paramount Global,29579,130000%,4543,876000.00%,58620,24628.8,-7,25115
117,US Foods Holding,29487,288000.00%,164,-,12521,8392.3,11,28000
118,Danaher,29453,322000.00%,6433,764000.00%,83184,209993.4,12,79000
119,Jabil,29285,74000.00%,696,11910000%,16654,8857.3,-15,238000
120,Starbucks,29060.6,236000.00%,4199.3,3524000.00%,31392.6,104642.8,5,383000
121,Mondelez International,28720,80000%,4300,210000%,67092,87159.2,-13,79000
122,Eli Lilly,28318.4,154000.00%,5581.7,-99000.00%,48806,272723.6,-4,35238
123,Hewlett Packard Enterprise,27784,30000%,3427,-,57699,21725.3,-17,60400
124,D.R. Horton,27774.2,367000.00%,4175.8,759000.00%,24015.9,26403.2,24,11788
125,Molina Healthcare,27771,430000%,659,-21000.00%,12209,19572.9,30,14000
126,CBRE Group,27746,165000.00%,1836.6,1442000.00%,22073.5,30414.2,-4,105000
127,Micron Technology,27705,293000.00%,5861,1181000.00%,58849,86977.2,8,43000
128,Broadcom,27450,149000.00%,6736,1276000.00%,75570,257086.5,-7,20000
129,Gilead Sciences,27305,106000.00%,6225,49610000%,67952,74656.5,-13,14400
130,PBF Energy,27253.4,803000.00%,231,-,11641.4,2932.6,73,3418
131,Lennar,27130.7,206000.00%,4430.1,797000.00%,33207.8,23413,-2,10753
132,United Natural Foods,26992,9000.00%,149,-,7525,2409.3,-25,28300
133,NRG Energy,26989,1968000.00%,2187,3288000.00%,23182,9289,200,6635
134,Nvidia,26914,614000.00%,9752,1251000.00%,44187,684878.6,50,22473
135,Occidental Petroleum,26772,605000.00%,2322,-,75036,53160.2,48,11678
136,Salesforce,26492,247000.00%,1444,-645000.00%,95209,210196.8,1,73541
137,Dollar Tree,26321.2,32000.00%,1327.9,-10000%,21721.8,36051.4,-26,136226
138,KKR,26141.3,1715000.00%,4666.5,1330000%,264285.4,51542.9,178,3238
139,Kraft Heinz,26042,-5000.00%,1012,1843000.00%,93394,48248.6,-29,36000
140,Amgen,25979,22000.00%,5893,-189000.00%,61165,134700.8,-28,24200
141,AutoNation,25844,267000.00%,1373,2598000.00%,8943.6,6111.4,4,22200
142,Penske Automotive Group,25554.7,250000%,1187.8,1185000.00%,13464.6,7196.7,1,24797
143,PayPal Holdings,25371,183000.00%,4169,-8000.00%,75803,134732.8,-9,30900
144,Macy's,25292,398000.00%,1430,-,17590,7123.2,20,88857
145,Duke Energy,24677,52000.00%,3908,1838000.00%,169587,85967,-19,27605
146,United Airlines Holdings,24634,604000.00%,-1964,-,68175,15049.7,54,84100
147,Visa,24105,103000.00%,12311,133000.00%,82896,480022.5,-14,21500
148,Rite Aid,24043.4,96000.00%,-90.9,-,9335.4,488.1,-16,50000
149,Cummins,24021,213000.00%,2131,191000.00%,23710,29140.9,1,59900
150,U.S. Bancorp,23714,-60000%,7963,606000.00%,573284,78929.8,-37,68796
151,Paccar,23522.3,256000.00%,1852.1,426000.00%,29301.7,30619.7,8,28500
152,McDonald's,23222.9,209000.00%,7545.2,595000.00%,53854.3,183873.6,5,200000
153,Southern,23113,134000.00%,2393,-233000.00%,127534,76877,-7,27164
154,C.H. Robinson Worldwide,23102.1,425000.00%,844.2,667000.00%,7028.1,13855.8,37,16877
155,Truist Financial,23064,-56000.00%,6440,437000.00%,541241,75353.9,-36,51462
156,Applied Materials,23063,341000.00%,5888,627000.00%,25825,116431.4,20,27000
157,Freeport-McMoRan,22845,609000.00%,4306,6189000.00%,48022,72360.8,58,24700
158,Lithia Motors,22831.7,740000%,1060,1254000.00%,11146.9,8909.8,73,21150
159,Blackstone,22577.1,2700000%,5857.4,4603000.00%,41196.4,88907.2,295,3795
160,Hartford Financial Services Group,22390,91000.00%,2365,362000.00%,76578,23815.6,-18,18100
161,Aflac,22106,-2000.00%,4325,-95000.00%,157542,41812.8,-30,12447
162,Whirlpool,21985,130000%,1783,649000.00%,20285,10101.2,-8,69000
163,Union Pacific,21804,116000.00%,6523,219000.00%,63525,171681.6,-10,32124
164,International Paper,21780,58000.00%,1752,2635000.00%,25243,17301.1,-23,38200
165,Altria Group,21111,13000.00%,2475,-446000.00%,39523,94951.7,-27,6000
166,CDW,20820.8,127000.00%,988.6,254000.00%,13199.4,24140.2,-5,13900
167,ManpowerGroup,20724.4,151000.00%,382.4,15067000.00%,9828.9,5025.6,-2,30000
168,PG&E,20642,118000.00%,-102,-,103327,29433.7,-8,26000
169,Carrier Global,20613,181000.00%,1664,-160000%,26172,39127.4,2,58000
170,Baker Hughes,20502,-10000%,-219,-,35308,37410.2,-30,54000
171,Cleveland-Cliffs,20444,2818000.00%,2988,-,18975,16891.2,330,26000
172,United States Steel,20275,1081000.00%,4174,-,17816,9832.3,138,24540
173,Becton Dickinson,20248,183000.00%,2092,1394000.00%,53866,75749.1,4,75000
174,CarMax,20092.1,-62000.00%,746.9,-159000.00%,21541.5,15598.9,-38,26889
175,Sherwin-Williams,19944.6,86000.00%,1864.4,-82000.00%,20666.7,65037.9,-13,61626
176,Builders FirstSource,19893.9,1324000.00%,1725.4,4503000.00%,10714.3,11408.9,174,28000
177,Marsh & McLennan,19820,151000.00%,3143,559000.00%,34388,85681.3,-2,83000
178,PNC Financial Services Group,19698,-181000.00%,5674,-245000.00%,557191,77203.4,-58,58547
179,Lumen Technologies,19687,-49000.00%,2033,-,57993,11533.4,-40,36000
180,Avnet,19534.7,108000.00%,193.1,-,8925.4,4016.9,-12,14500
181,Tenet Healthcare,19485,105000.00%,914,1291000.00%,27579,9387.6,-14,88968
182,Kimberly-Clark,19440,16000.00%,1814,-229000.00%,17837,41496.1,-24,45000
183,Kohl's,19433,218000.00%,938,-,15054,7774.6,12,67000
184,BlackRock,19374,196000.00%,5901,196000.00%,152648,116186.2,8,18400
185,Jones Lang LaSalle,19367,167000.00%,961.6,1389000.00%,15505,11945.5,1,98200
186,Lear,19263.1,130000%,373.9,1359000.00%,13352.4,8513.1,-7,160100
187,Lincoln National,19230,103000.00%,1405,1816000.00%,387301,11271.6,-15,10848
188,Charles Schwab,18996,569000.00%,5855,775000.00%,667270,159675.9,63,33400
189,Ross Stores,18916.2,509000.00%,1722.6,19175000.00%,13640.3,31741.7,53,100000
190,Mastercard,18884,234000.00%,8687,355000.00%,37669,349330.5,11,24000
191,Genuine Parts,18870.5,85000.00%,898.8,-,14352.1,17888.1,-18,52000
192,WestRock,18746.1,66000.00%,838.3,-,29254.3,12379,-22,49900
193,EOG Resources,18642,690000%,4664,-,38236,69796,92,2800
194,Cognizant Technology Solutions,18507,111000.00%,2137,535000.00%,17852,47035,-9,330600
195,Moderna,18471,21991000.00%,12202,-,24669,69424.3,-,2700
196,Steel Dynamics,18408.9,917000.00%,3214.1,4835000.00%,12531.2,15811.5,123,10640
197,HF Sinclair,18389.1,644000.00%,558.3,-,12916.6,8895.8,82,4208
198,Texas Instruments,18344,269000.00%,7769,389000.00%,24676,169329.6,12,31000
199,Emerson Electric,18236,86000.00%,2303,172000.00%,24715,58241.7,-18,86700
200,WESCO International,18217.5,478000.00%,465.4,3628000.00%,12617.7,6598.5,45,18000
201,General Mills,18127,28000.00%,2339.8,73000.00%,31841.9,40781.8,-32,35000
202,Tenneco,18035,173000.00%,35,-,11622,1523,-3,71000
203,Waste Management,17931,178000.00%,1816,214000.00%,29097,65802.8,-1,48500
204,Viatris,17886.3,497000.00%,-1269.1,-,54842.8,13160.2,50,37000
205,DISH Network,17881.1,154000.00%,2410.6,368000.00%,48001.7,16743.1,-8,14500
206,L3Harris Technologies,17814,-21000.00%,1846,650000%,34709,47969.6,-43,47000
207,DXC Technology,17729,-94000.00%,-149,-,22038,7977.3,-55,134000
208,Block,17661.2,860000%,166.3,-220000%,13925.8,78655.9,115,8521
209,Goodyear Tire & Rubber,17478,419000.00%,764,-,21402,4029.3,37,72000
210,Uber Technologies,17455,567000.00%,-496,-,38774,69753,71,29300
211,Colgate-Palmolive,17421,58000.00%,2166,-196000.00%,15040,63742.2,-23,33800
212,Stanley Black & Decker,17252.7,187000.00%,1689.2,369000.00%,28180,22843.3,-3,71300
213,DuPont,17160,-159000.00%,6467,-,45707,37739.7,-69,28000
214,Stryker,17108,192000.00%,1994,247000.00%,34631,100978.1,-2,46000
215,NextEra Energy,17069,-52000.00%,3573,224000.00%,140912,166264.1,-49,15000
216,Targa Resources,16949.8,1052000.00%,71.2,-,15208.2,17243.8,148,2430
217,Western Digital,16922,11000.00%,821,-,26132,15536.4,-35,65600
218,PPG Industries,16802,215000.00%,1439,359000.00%,21351,30951.9,2,49300
219,American Electric Power,16792,126000.00%,2488.1,131000.00%,87668.7,50338.6,-15,16688
220,Gap,16670,208000.00%,256,-,12761,5206.6,1,97000
221,BJ's Wholesale Club,16667.3,80000%,426.7,13000.00%,5668.9,9146.9,-23,34000
222,Reinsurance Group of America,16658,141000.00%,617,487000.00%,92175,7354.6,-15,3500
223,Kinder Morgan,16610,420000%,1784,13992000.00%,70416,42878.1,39,10529
224,Oneok,16540.3,936000.00%,1499.7,1447000.00%,23621.6,31516,127,2847
225,Expeditors Intl. of Washington,16523.5,724000.00%,1415.5,1033000.00%,7609.9,17268.8,74,19070
226,Advanced Micro Devices,16434,683000.00%,3162,270000%,12419,177936.1,83,15500
227,Fiserv,16226,93000.00%,1334,392000.00%,76249,66132.8,-22,44000
228,Est√©e Lauder,16215,134000.00%,2870,3196000.00%,21971,97672.1,-15,53320
229,Bank of New York Mellon,16158,-46000.00%,3759,39000.00%,444438,40056.7,-49,49100
230,Laboratory Corp. of America,16120.9,153000.00%,2377.3,528000.00%,20385.4,24625.8,-12,71725
231,Regeneron Pharmaceuticals,16071.7,891000.00%,8075.3,1299000.00%,25434.8,75806,123,10368
232,Land O'Lakes,15916.4,141000.00%,287.4,85000.00%,9560,-,-13,9000
233,Cheniere Energy,15864,695000.00%,-2343,-,39258,35272.3,95,1550
234,Southwest Airlines,15790,745000.00%,977,-,36320,27129.3,102,55093
235,Adobe,15785,227000.00%,4822,-83000.00%,27241,215280.5,-1,25988
236,Synchrony Financial,15752,-44000.00%,4221,2048000.00%,95748,18145.5,-49,18000
237,Corteva,15655,101000.00%,1759,1583000.00%,42344,41774.9,-23,21000
238,Fidelity National Financial,15643,451000.00%,2422,697000.00%,60690,13849.6,50,28290
239,DTE Energy,15369,262000.00%,907,-337000.00%,39719,25614.6,11,10300
240,Murphy USA,15318.8,612000.00%,396.9,28000.00%,4048.2,4888.6,82,10430
241,Halliburton,15295,59000.00%,1457,-,22321,34028.9,-30,40000
242,Automatic Data Processing,15005.4,28000.00%,2598.5,54000.00%,48772.5,95577.1,-34,56000
243,Edison International,14905,98000.00%,759,27000.00%,74745,26693.8,-17,13003
244,BorgWarner,14838,460000%,537,74000.00%,16575,9335,51,49300
245,Nordstrom,14789,380000%,178,-,8869,4321.3,44,72000
246,Loews,14657,165000.00%,1578,-,81626,15971.3,-7,10340
247,Guardian Life Ins. Co. of America,14647.8,80000%,288.8,11285000.00%,90419.7,-,-20,9150
248,Pioneer Natural Resources,14643,1190000%,2118,-,36811,60728.3,180,1932
249,AutoZone,14629.6,158000.00%,2170.3,252000.00%,14516.2,40582.6,-11,85050
250,Lam Research,14626.2,456000.00%,3908.5,736000.00%,15892.2,74996.7,54,14100
251,American Family Insurance Group,14611.9,118000.00%,734.5,822000.00%,36316.4,-,-19,13590
252,Illinois Tool Works,14455,150000%,2694,277000.00%,16077,65311.9,-12,45000
253,Parker-Hannifin,14347.6,48000.00%,1746.1,447000.00%,20341.2,36456.8,-30,54640
254,Otis Worldwide,14298,121000.00%,1246,375000.00%,12279,32700.9,-18,70000
255,Omnicom Group,14289.4,85000.00%,1407.8,489000.00%,28421.8,17565.7,-26,71700
256,Principal Financial,14262.7,-32000.00%,1710.6,226000.00%,304657.2,19176.7,-50,18600
257,Dominion Energy,14218,-118000.00%,3288,-,99590,68883,-64,17100
258,Kellogg,14181,30000%,1488,189000.00%,18178,21890.2,-36,31000
259,Fluor,14156.8,-109000.00%,-440.2,-,7279.6,4051.7,-63,40582
260,AECOM,14112.4,-139000.00%,173.2,-,11734,10856.5,-71,51000
261,Reliance Steel & Aluminum,14093.3,599000.00%,1413,2828000.00%,9536,11313.5,82,13950
262,Jacobs Engineering Group,14092.6,38000.00%,477,-30000%,14632.6,17807.4,-37,53500
263,Corning,14082,246000.00%,1906,2723000.00%,30154,31212.8,14,61200
264,Farmers Insurance Exchange,14055,184000.00%,-366.8,-,21740.7,-,-8,11787
265,Qurate Retail,14044,-9000.00%,340,-718000.00%,16249,1807.4,-49,26745
266,Pacific Life,13936,385000.00%,1102,-,209486,-,37,3861
267,PulteGroup,13926.9,262000.00%,1946.3,383000.00%,13352.6,10115.7,17,6182
268,Fidelity National Information Services,13877,106000.00%,417,1639000.00%,82931,61215.1,-27,65000
269,IQVIA Holdings,13874,221000.00%,966,2462000.00%,24689,44140.8,6,79000
270,Marriott International,13857,311000.00%,1099,-,25553,57514.9,23,120000
271,Berry Global Group,13850,183000.00%,733,311000.00%,17882,7832.4,-10,47000
272,Ball,13811,172000.00%,878,501000.00%,19714,28909.1,-12,24300
273,Group 1 Automotive,13801.7,272000.00%,552.1,927000.00%,5749.4,2859.9,13,13711
274,Leidos Holdings,13737,117000.00%,753,199000.00%,13261,14727.7,-26,43000
275,Wayfair,13708,-31000.00%,-131,-1708000.00%,4570,11641.6,-58,16681
276,Consolidated Edison,13676,117000.00%,1346,223000.00%,63116,33525.3,-27,13871
277,Ameriprise Financial,13443,124000.00%,2760,799000.00%,175979,33213,-24,12000
278,Xcel Energy,13431,165000.00%,1597,84000.00%,57851,39275.9,-6,11321
279,O'Reilly Automotive,13327.6,148000.00%,2164.7,235000.00%,11718.7,45410.4,-11,76158
280,Global Partners,13248.3,592000.00%,60.8,-405000.00%,2831.2,927.1,81,2960
281,Discover Financial Services,13221,21000.00%,5449,3776000.00%,110242,31076.7,-48,16700
282,Rocket Companies,13175.6,-176000.00%,308.2,557000.00%,32774.9,21905.9,-88,26000
283,LKQ,13088.5,126000.00%,1090.9,709000.00%,12606.2,12941.4,-17,46000
284,W.W. Grainger,13022,104000.00%,1043,501000.00%,6592,26358,-26,23450
285,Quanta Services,12980.2,159000.00%,486,91000.00%,12855.2,18779.5,-7,43700
286,Crown Holdings,12979,121000.00%,-560,-1967000.00%,13858,15460.6,-17,26000
287,Fox,12909,49000.00%,2150,1152000.00%,22926,21423.2,-40,9000
288,Sempra,12857,77000.00%,1317,-665000.00%,72045,53087.6,-33,15390
289,Markel,12846.4,320000%,2425,1972000.00%,48448.9,20037.5,22,20300
290,Carvana,12814,1294000.00%,-135,-,7015,19549.5,193,21000
291,XPO Logistics,12806,-212000.00%,336,2055000.00%,8707,8356.9,-101,44700
292,Baxter International,12784,95000.00%,1284,165000.00%,33521,39017.9,-28,60000
293,Ecolab,12733.1,-1000.00%,1129.9,-,21206.4,50548.4,-56,47000
294,Tractor Supply,12731.1,199000.00%,997.1,331000.00%,7767.5,26171.6,-3,34000
295,Andersons,12728.8,551000.00%,104,12487000.00%,4569.2,1708.2,71,2334
296,Keurig Dr Pepper,12683,92000.00%,2146,620000%,50598,53748.2,-29,27500
297,Universal Health Services,12642.1,94000.00%,991.6,50000%,13093.5,10843.1,-27,78850
298,CSX,12522,183000.00%,3781,367000.00%,40531,81587.8,-6,20919
299,Henry Schein,12401,226000.00%,631.2,563000.00%,8481.1,11960.1,-1,21600
300,Sonic Automotive,12396.4,269000.00%,348.9,-,4975.1,1728.8,8,10200
301,eBay,12394,92000.00%,13608,1401000.00%,26626,33641.9,-25,10800
302,Textron,12382,63000.00%,746,1414000.00%,15827,16090.6,-37,33000
303,Jones Financial (Edward Jones),12373,217000.00%,1605,249000.00%,32208,-,-8,50000
304,Community Health Systems,12368,49000.00%,230,-550000%,15217,1598.6,-45,58500
305,Mosaic,12357.4,423000.00%,1630.6,1448000.00%,22036.4,24492.6,41,12525
306,Thor Industries,12317.4,508000.00%,659.9,1959000.00%,6654.1,4330.9,62,31000
307,Dick's Sporting Goods,12293.4,283000.00%,1519.9,1866000.00%,9041.7,7986.6,13,34300
308,Newmont,12222,63000.00%,1166,-588000.00%,40564,62968.1,-35,14400
309,Devon Energy,12206,1398000.00%,2813,-,21025,39274.1,211,1600
310,Warner Bros. Discovery,12191,142000.00%,1006,-175000.00%,34427,12700.5,-20,11000
311,J.B. Hunt Transport Services,12168.3,263000.00%,760.8,503000.00%,6794.3,21052.9,4,33045
312,Alcoa,12152,309000.00%,429,-,15025,16603.4,18,12200
313,Peter Kiewit Sons',12149,-25000.00%,753,-88000.00%,6238,-,-70,28800
314,Aramark,12096,-57000.00%,-90.8,-,14376.2,9655.5,-79,248300
315,Vistra,12077,55000.00%,-1274,-3003000.00%,29683,10434.7,-41,5060
316,State Street,12030,-4000.00%,2693,113000.00%,314624,31891.8,-64,38784
317,Unum Group,12013.8,-87000.00%,824.2,39000.00%,70115.6,6382.8,-87,10200
318,Alleghany,12004.1,349000.00%,1034.9,9171000.00%,32268.7,11396.1,21,13313
319,Boston Scientific,11888,199000.00%,1041,-,32229,63310.2,-14,41000
320,Westlake,11778,570000%,2015,5106000.00%,18459,15785.4,68,14550
321,Entergy,11742.9,161000.00%,1118.5,-194000.00%,59454.2,23760.4,-21,12369
322,International Flavors & Fragrances,11656,1293000.00%,270,-257000.00%,39658,33455.6,200,24000
323,DaVita,11618.8,6000.00%,978.5,265000.00%,17121.5,10892.5,-52,69000
324,Mutual of Omaha Insurance,11459.3,33000.00%,579,-171000.00%,49852.7,-,-42,5739
325,Assurant,11410,130000%,1372.4,2106000.00%,33911.5,10493.1,-23,15600
326,Liberty Media,11400,218000.00%,398,-,44351,15239.1,-,6886
327,Hormel Foods,11386.2,185000.00%,908.8,1000.00%,12696.3,28089.2,-10,20000
328,Icahn Enterprises,11328,850000%,-518,-,27746,15237.1,125,19536
329,Republic Services,11295,112000.00%,1290.4,334000.00%,24955,41841.7,-32,35000
330,Mohawk Industries,11200.6,173000.00%,1033.2,1004000.00%,14224.5,8081.8,-9,43000
331,Conagra Brands,11184.7,12000.00%,1298.8,546000.00%,22195.6,16103.5,-48,18600
332,Norfolk Southern,11142,138000.00%,3005,493000.00%,38493,68389.3,-25,18100
333,AES,11141,153000.00%,-409,-9891000.00%,32963,17172.1,-20,8450
334,AGCO,11138.3,217000.00%,897,1100000%,9182.1,10885.3,-3,23300
335,Caesars Entertainment,11110,2198000.00%,-1019,-,38031,16564.6,340,49000
336,Equitable Holdings,11036,-111000.00%,-439,-,292262,12041.2,-92,10000
337,Advance Auto Parts,10998,88000.00%,616.1,250000%,12194.2,12644.8,-36,54500
338,Biogen,10981.7,-183000.00%,1556.1,-611000.00%,23877.3,30950.4,-110,9610
339,Auto-Owners Insurance,10980.2,240000%,1318.4,590000%,32487.1,-,2,6441
340,Booking Holdings,10958,612000.00%,1165,18746000.00%,23641,96022.7,84,20199
341,Amphenol,10876.3,265000.00%,1590.8,322000.00%,14678.4,45130.1,8,90000
342,Quest Diagnostics,10788,143000.00%,1995,394000.00%,13611,16348.6,-18,44500
343,FirstEnergy,10758,31000.00%,1283,189000.00%,45432,26181.6,-49,12395
344,DCP Midstream,10707,699000.00%,391,-,13380,6993.2,98,1788
345,Ally Financial,10690,-8000.00%,3060,1820000%,182114,14411.6,-58,10500
346,Delek US Holdings,10648.2,458000.00%,-203.5,-,6728,1500.2,51,3312
347,Williams,10627,377000.00%,1517,6190000%,47612,40670.4,32,4783
348,Newell Brands,10589,128000.00%,572,-,14179,8902.4,-23,32000
349,Eastman Chemical,10476,236000.00%,857,793000.00%,15519,14450.1,6,14000
350,Air Products & Chemicals,10323,166000.00%,2099.1,113000.00%,26859.2,55409.4,-10,20750
351,Thrivent Financial for Lutherans,10312.7,265000.00%,2530.2,2972000.00%,116524.8,-,18,3256
352,Molson Coors Beverage,10279.7,65000.00%,1005.7,-,27619,11631.8,-38,16300
353,Interpublic Group,10240.7,130000%,952.8,1714000.00%,19909.2,13965.9,-19,55600
354,Weyerhaeuser,10201,354000.00%,2607,2271000.00%,17652,28315,33,9214
355,Altice USA,10090.8,20000%,990.3,1270000%,33215,5674.1,-49,9000
356,Raymond James Financial,9910,213000.00%,1403,715000.00%,61891,22817.5,11,15000
357,EMCOR Group,9903.6,126000.00%,383.5,1885000.00%,5441.4,5931.8,-13,34000
358,Eversource Energy,9863.1,108000.00%,1220.5,13000.00%,48492.1,30403.2,-20,9227
359,Yum China Holdings,9853,192000.00%,990,263000.00%,13223,17679,4,298500
360,Asbury Automotive Group,9837.7,379000.00%,532.4,1093000.00%,8002.6,3714.8,45,14200
361,Owens & Minor,9785.3,124000.00%,221.6,6418000.00%,3536.6,3375.6,-16,17300
362,Public Service Enterprise Group,9722,12000.00%,-648,-1340000%,48999,35145.5,-44,12684
363,United Rentals,9716,139000.00%,1386,557000.00%,20292,25643.3,-11,20400
364,MGM Resorts International,9680.1,875000.00%,1254.4,-,40899.1,18257.9,153,60500
365,Ryder System,9663,148000.00%,519,-,13834.3,4055.4,-8,42800
366,Intuit,9633,254000.00%,2062,129000.00%,15516,135987.6,14,17350
367,Cincinnati Financial,9629.7,278000.00%,2945.6,1422000.00%,31386.7,21813.3,19,5166
368,Erie Insurance Group,9619.7,110000%,1130.1,-37000.00%,27297.3,-,-21,5805
369,Univar Solutions,9535.5,154000.00%,460.6,7707000.00%,6777.8,5459.8,-7,9450
370,Huntington Ingalls Industries,9524,17000.00%,544,-218000.00%,10627,7991,-43,44000
371,W.R. Berkley,9455.5,167000.00%,1022.5,927000.00%,32086.4,17658.8,1,7681
372,Western & Southern Financial Group,9441.7,172000.00%,361.2,767000.00%,62876.7,-,2,2538
373,Insight Enterprises,9436.1,131000.00%,219.3,271000.00%,4689.1,3745.1,-13,11624
374,News Corp.,9358,39000.00%,330,-,16771,13127.7,-37,24000
375,American Tower,9356.9,164000.00%,2567.7,519000.00%,69887.9,114527.4,-,6378
376,Old Republic International,9341.6,304000.00%,1534.3,1747000.00%,24981.8,7972.8,25,9600
377,Burlington Stores,9322.3,617000.00%,408.8,-,7089.5,12112.8,94,38599
378,Avis Budget Group,9313,724000.00%,1285,-,22600,14157,120,18500
379,ODP,9267,-46000.00%,-208,-,4865,2222.2,-67,26000
380,VF,9238.8,-210000%,407.9,-400000%,13754,22112.9,-117,33600
381,Bed Bath & Beyond,9233,-173000.00%,-150.8,-,6456.9,2170.5,-101,37600
382,Seaboard,9229,295000.00%,570,1014000.00%,7503,4881.6,24,13200
383,First American Financial,9221,301000.00%,1241,782000.00%,16451,7087.2,26,22233
384,Intercontinental Exchange,9168,112000.00%,4058,943000.00%,193502,74044.8,-19,8858
385,PVH,9154.7,284000.00%,952.3,-,12396.8,5210,19,25000
386,Apollo Global Management,9124,3322000.00%,1838.5,10739000.00%,30501.9,37194,552,2153
387,Jefferies Financial Group,9039.9,300000%,1674.4,1160000%,60404.1,7933.9,32,5556
388,Hershey,8971.3,101000.00%,1477.5,155000.00%,10412.2,44461.5,-18,17805
389,NVR,8970.1,186000.00%,1236.7,372000.00%,5834.5,15010.5,-6,6600
390,Foot Locker,8958,187000.00%,893,1765000.00%,8135,2850,-5,33244
391,Dana,8945,259000.00%,197,-,7632,2544.4,17,40200
392,SpartanNash,8931,-45000.00%,73.8,-28000.00%,2206.8,1185.1,-63,13300
393,Olin,8910.6,548000.00%,1296.7,-,8517.7,8062,79,7750
394,Chewy,8890.8,244000.00%,-73.8,-,2086.3,17147.3,9,21300
395,Jackson Financial,8848,-,3183,-,375484,3895.1,-,3150
396,Activision Blizzard,8803,89000.00%,2699,228000.00%,25056,62559.7,-23,9800
397,Toll Brothers,8790.4,242000.00%,833.6,867000.00%,11537.9,5515.4,14,5100
398,Carlyle Group,8782.1,1993000.00%,2974.7,7543000.00%,21250.4,17427.5,360,1850
399,Graybar Electric,8767.3,207000.00%,262.4,1154000.00%,3069,-,-,8800
400,Ovintiv,8658,422000.00%,1416,-,14055,13987.5,58,1713
401,UFP Industries,8636.1,676000.00%,535.6,1171000.00%,3245.3,4790.5,117,15000
402,Ulta Beauty,8630.9,403000.00%,985.8,4607000.00%,4764.4,20837.8,49,28500
403,Constellation Brands,8614.9,33000.00%,1998,-,27104.8,43763.5,-44,9300
404,Expedia Group,8598,654000.00%,12,-,21548,30476.5,111,14800
405,CommScope Holding,8586.7,18000.00%,-462.6,-,13259.5,1629.7,-49,30000
406,Celanese,8537,510000%,1890,-48000.00%,11975,15434.1,71,8529
407,Global Payments,8523.8,148000.00%,965.5,652000.00%,45279.7,38545.6,-13,25000
408,Owens Corning,8498,205000.00%,995,-,10015,9064.7,5,20000
409,Campbell Soup,8476,-63000.00%,1002,-385000.00%,11734,13446.9,-74,14100
410,Huntsman,8453,403000.00%,1045,11000.00%,9392,8046.9,50,9000
411,Franklin Resources,8425.5,514000.00%,1831.2,1292000.00%,24168.4,14019.3,73,10300
412,Avery Dennison,8408.3,206000.00%,740.1,331000.00%,7971.6,14327.4,5,36000
413,Masco,8375,149000.00%,410,-665000.00%,5575,12062.7,-15,20000
414,CenterPoint Energy,8352,-55000.00%,1486,-,37679,19285.8,-72,9418
415,Fifth Third Bancorp,8329,-9000.00%,2770,941000.00%,211116,29511.3,-57,19112
416,WEC Energy Group,8316,148000.00%,1300.3,84000.00%,38988.5,31483.5,-16,6938
417,S&P Global,8297,115000.00%,3024,293000.00%,15026,142343.5,-24,22850
418,FM Global,8274.6,217000.00%,2842.4,641000.00%,32160.5,-,5,5560
419,Polaris,8252,161000.00%,493.9,2958000.00%,5047.8,6264.1,-12,16000
420,Williams-Sonoma,8245.9,216000.00%,1126.3,655000.00%,4625.6,10376,5,16600
421,Autoliv,8230,105000.00%,435,1327000.00%,7537,6691.1,-29,58176
422,Arthur J. Gallagher,8209.4,172000.00%,906.8,107000.00%,33345,36598.6,-6,39000
423,Motorola Solutions,8171,102000.00%,1245,312000.00%,12189,40555.9,-28,18700
424,Zillow Group,8147.4,1439000.00%,-527.8,-,10695.5,12287.1,268,8005
425,Opendoor Technologies,8021,2105000.00%,-662,-,9506,5364.1,394,2816
426,J.M. Smucker,8002.7,26000.00%,876.3,124000.00%,16284.2,14686.4,-48,7100
427,Anywhere Real Estate,7983,283000.00%,343,-,7210,1852.1,18,9748
428,Oshkosh,7952.5,160000%,409.4,262000.00%,6721.8,6703.7,-6,15000
429,MasTec,7951.8,258000.00%,328.8,19000.00%,7121.4,6657,12,27000
430,GXO Logistics,7940,-,153,-,7271,8193,-,97500
431,APA,7928,840000%,973,-,13303,14332.3,164,2253
432,Boise Cascade,7926.1,448000.00%,712.5,3072000.00%,2572.6,2740.4,61,6130
433,Dover,7907.1,183000.00%,1123.8,644000.00%,10403.6,22610.3,-4,25000
434,Genworth Financial,7882,-90000%,904,4079000.00%,99171,1917.9,-86,2500
435,Bath & Body Works,7881.5,-335000.00%,1333.5,579000.00%,6026,11419.9,-178,32850
436,Booz Allen Hamilton Holding,7858.9,53000.00%,609,262000.00%,5499.6,11705.4,-45,27700
437,Coinbase Global,7839.4,5137000.00%,3624.1,10244000.00%,21274.4,41670.4,-,3730
438,Zimmer Biomet Holdings,7836.2,116000.00%,401.6,-,23456.4,26772.3,-24,19500
439,Westinghouse Air Brake Technologies,7822,35000.00%,558,347000.00%,18454,17819.4,-55,25000
440,Zoetis,7776,165000.00%,2037,244000.00%,13900,89008.9,-9,12100
441,Packaging Corp. of America,7730.3,161000.00%,841.1,825000.00%,7836.8,14628.1,-8,15200
442,LPL Financial Holdings,7720.8,315000.00%,459.9,-27000.00%,7991.6,14608.8,24,5919
443,T. Rowe Price,7671.9,236000.00%,3082.9,299000.00%,12509,34442.6,4,7529
444,Fortune Brands Home & Security,7656.1,257000.00%,772.4,396000.00%,7936.2,9830.7,12,28056
445,Casey's General Stores,7654.2,-56000.00%,312.9,186000.00%,4460.3,7354.4,-74,27583
446,A-Mark Precious Metals,7613,394000.00%,159.6,4232000.00%,1191.6,890.5,49,347
447,Hess,7583,578000.00%,559,-,20515,33155.2,96,1545
448,Vertex Pharmaceuticals,7574.4,221000.00%,2342.1,-136000.00%,13432.5,66436.9,-,3900
449,KeyCorp,7561,31000.00%,2625,955000.00%,186346,20592.5,-53,16974
450,Chipotle Mexican Grill,7547.1,261000.00%,653,835000.00%,6653,44347.4,14,97660
451,CMS Energy,7538,128000.00%,1353,792000.00%,28753,20292.2,-21,8813
452,Arconic,7504,322000.00%,-397,-,6580,2690.7,24,13900
453,Taylor Morrison Home,7501.3,224000.00%,663,1724000.00%,8727.8,3301.6,-1,3000
454,American Financial Group,7462,-57000.00%,1995,1725000.00%,28931,12367.8,-78,6600
455,UGI,7447,135000.00%,1467,1758000.00%,16723,7599.1,-19,11300
456,Science Applications International,7394,48000.00%,277,325000.00%,5746,5166.1,-44,25090
457,Avantor,7386.1,155000.00%,572.6,3911000.00%,13897.2,20629.1,-19,13500
458,Hanesbrands,7347.8,103000.00%,77.2,-,7071.4,5191.4,-26,58000
459,Clorox,7341,92000.00%,710,-244000.00%,6334,17108.7,-32,9000
460,KBR,7339,273000.00%,18,-,6199,7634.9,10,28000
461,TravelCenters of America,7336.8,514000.00%,58.5,-,3508.5,637.5,79,16540
462,Hertz Global Holdings,7336,395000.00%,366,-,19783,9508.9,46,23000
463,Analog Devices,7318.3,306000.00%,1390.4,139000.00%,52322.1,86441.2,18,24700
464,Securian Financial Group,7317.4,65000.00%,311.5,281000.00%,75169.4,-,-43,6941
465,Darden Restaurants,7196.1,-78000.00%,629.3,-,10656.1,16980.9,-88,156883
466,Graphic Packaging Holding,7156,91000.00%,204,219000.00%,10457,6154.4,-31,25000
466,NCR,7156,153000.00%,97,-,11641,5474.7,-20,38000
468,Brighthouse Financial,7142,-160000%,-108,-,259840,3958.7,-115,1500
469,PPL,7127,-63000.00%,-1480,-2007000.00%,33223,21001.9,-87,5607
470,Cintas,7116.3,4000.00%,1111,268000.00%,8236.8,43566.7,-60,40000
471,Xerox Holdings,7038,2000.00%,-455,-3370000%,13223,3123.3,-56,23300
472,Rockwell Automation,6997.4,105000.00%,1358.1,327000.00%,10701.6,32538.4,-32,24500
473,Citizens Financial Group,6986,-90000%,2319,1194000.00%,188409,19135.7,-92,17463
474,KLA,6918.7,192000.00%,2078.3,708000.00%,10271.1,55170.9,-6,11425
475,Camping World Holdings,6913.8,269000.00%,278.5,1276000.00%,4372.9,2664.6,21,12834
476,Ingredion,6894,151000.00%,117,-664000.00%,6999,5814.2,-13,12000
477,Veritiv,6850.5,80000%,144.6,3228000.00%,2438.4,2008,-38,6100
478,Beacon Roofing Supply,6820.4,-18000.00%,243,-,5549.3,4175.9,-58,6676
479,Diamondback Energy,6797,1416000.00%,2182,-,22898,24320,302,870
480,Victoria's Secret,6784.6,-,646.4,-,4344,4330.4,-,24000
481,Academy Sports and Outdoors,6773.1,191000.00%,671.4,1174000.00%,4584.9,3433.5,-6,16508
482,Sanmina,6756.6,-29000.00%,269,925000.00%,4206.7,2569,-64,33500
483,ON Semiconductor,6739.8,283000.00%,1009.6,3311000.00%,9626,27078.7,26,31650
484,Commercial Metals,6729.8,229000.00%,412.9,477000.00%,4638.7,5056.7,8,11089
485,EnLink Midstream,6685.9,717000.00%,22.4,-,8483.2,4670.6,145,1073
486,Southwestern Energy,6667,1889000.00%,-25,-,11848,7989.7,407,938
487,Equinix,6635.5,106000.00%,500.2,353000.00%,27918.7,67280.5,-26,10944
488,Dillard's,6624.3,494000.00%,862.5,-,3245.6,4928.2,97,25350
489,Regions Financial,6605,-8000.00%,2521,1304000.00%,162938,20860.9,-55,19626
490,Yum Brands,6584,165000.00%,1575,742000.00%,5966,34252.9,-12,25650
491,Landstar System,6540.4,581000.00%,381.5,986000.00%,2045.5,5600,115,1399
492,CF Industries Holdings,6538.3,585000.00%,917.1,1893000.00%,12375.2,21551.3,117,3003
493,Northern Trust,6488.3,30000%,1545.3,278000.00%,183889.8,24215.1,-50,21100
494,Robert Half International,6461.4,265000.00%,598.6,955000.00%,2952.4,12638.1,25,14600
495,Compass,6421,726000.00%,-494.1,-,1800.6,3358.8,151,4775
496,Hasbro,6420.4,175000.00%,428.7,927000.00%,10037.8,11383.6,-2,6640
497,Roper Technologies,6415.8,161000.00%,1152.6,214000.00%,23713.9,49868.8,-9,19300
498,ARKO,6412.6,881000.00%,59.2,3489000.00%,2942.3,1133.9,183,11236
499,Frontier Communications,6411,-104000.00%,-,-,16481,6763.1,-97,15640
500,Ameren,6394,104000.00%,990,137000.00%,35735,24198.7,-31,9116
501,O-I Glass,6357,44000.00%,149,-402000.00%,8832,2058,-46,24000
502,Chemours,6345,277000.00%,608,1776000.00%,7550,5015,25,6400
503,Crown Castle International,6340,86000.00%,1096,38000.00%,39040,79937.3,-36,5000
504,Agilent Technologies,6319,184000.00%,1210,683000.00%,10705,39714,-2,17000
505,McCormick,6317.9,128000.00%,755.3,11000.00%,12905.8,26754,-23,14000
506,Skechers U.S.A.,6310.2,368000.00%,741.5,6523000.00%,6491.3,6360.4,52,8950
507,Watsco,6280.2,242000.00%,418.9,554000.00%,3085.9,11842.6,17,6875
508,Live Nation Entertainment,6268.4,2368000.00%,-650.9,-,14402.3,26425,486,16200
509,Lululemon athletica,6256.6,421000.00%,975.3,656000.00%,4942.5,46717.8,78,29000
510,ABM Industries,6228.6,40000%,126.3,420000000%,4436.2,3078.7,-48,124000
511,Post Holdings,6226.7,93000.00%,166.7,207375000.00%,12414.7,4284.4,-37,10735
512,Moody's,6218,158000.00%,2214,245000.00%,14680,62548.1,-12,13460
513,Select Medical Holdings,6204.5,122000.00%,402.2,553000.00%,7360.2,3208.6,-26,43200
514,Alaska Air Group,6176,732000.00%,478,-,13951,7314.3,147,21691
515,Big Lots,6150.6,-8000.00%,177.8,-717000.00%,3927.3,988.1,-66,23350
516,Amkor Technology,6138.3,215000.00%,643,902000.00%,6038.6,5313,9,30400
517,Sinclair Broadcast Group,6134,32000.00%,-414,-,12541,2008.1,-52,11500
518,RPM International,6106.3,109000.00%,502.6,651000.00%,6253,10560.8,-29,15490
519,M&T Bank,6105.8,-28000.00%,1858.7,374000.00%,155107.2,21875,-75,17342
520,Sprouts Farmers Market,6099.9,-57000.00%,244.2,-151000.00%,2923.1,3546.8,-83,31000
521,Huntington Bancshares,6080,161000.00%,1295,585000.00%,174064,21123.4,-11,18442
522,CACI International,6044.1,57000.00%,457.4,423000.00%,6172.4,7051.2,-49,22000
523,JetBlue Airways,6037,1042000.00%,-182,-,13642,4786.9,229,17459
524,SVB Financial Group,6027,477000.00%,1833,517000.00%,211478,32901,89,6567
525,Fastenal,6010.9,64000.00%,925,77000.00%,4299,34187.9,-46,18370
526,GameStop,6010.7,181000.00%,-381.3,-,3499.3,12716.6,-5,22500
527,Knight-Swift Transportation Holdings,5998,283000.00%,743.4,813000.00%,10655.5,8386,24,27650
528,Airbnb,5991.8,774000.00%,-352,-,13708.5,110419.9,160,6132
529,Patterson,5912.1,77000.00%,156,-,2751.5,3160,-38,7800
530,Penn National Gaming,5905,650000%,420.8,-,16872.1,7140.2,129,21973
531,ServiceNow,5896,305000.00%,230,941000.00%,10798,111378,39,16881
532,Nasdaq,5886,46000.00%,1187,272000.00%,20115,29298.2,-52,5814
533,Brunswick,5846.2,345000.00%,593.3,592000.00%,5425,6197.3,59,18582
534,Resideo Technologies,5846,153000.00%,242,5541000.00%,5853,3455.8,-11,13300
535,Chesapeake Energy,5809,115000.00%,-,-,11009,11135.9,-22,1300
536,Petco Health and Wellness,5807.1,180000%,164.4,-,6497.9,5930.2,-5,28495
537,Kemper,5793,113000.00%,-120.5,-1294000.00%,14916.5,3606,-23,10300
538,Hilton Worldwide Holdings,5788,344000.00%,410,-,15441,42356.6,58,142000
539,Cerner,5764.8,47000.00%,555.6,-288000.00%,7434.2,27492.2,-49,25150
540,Levi Strauss,5763.9,295000.00%,553.5,-,5900.1,7874.7,40,16600
541,Tapestry,5746.3,158000.00%,834.2,-,8382.4,9807.2,-13,14250
542,NetApp,5744,61000.00%,730,-109000.00%,9360,18470.5,-45,11000
543,KB Home,5724.9,369000.00%,564.7,906000.00%,5835.9,2858.1,60,2244
544,Continental Resources,5719.3,1211000.00%,1661,-,18591.1,22342.4,274,1254
545,Intuitive Surgical,5710.1,310000%,1704.6,607000.00%,13555,108361.9,46,9793
546,Under Armour,5683.5,270000%,360.1,-,4991.4,7712.4,32,12300
547,MDU Resources Group,5680.7,27000.00%,378.1,-31000.00%,8910.4,5419.3,-61,12826
548,Silgan Holdings,5677.1,153000.00%,359.1,163000.00%,7770.8,5104.3,-18,15720
549,Ryerson Holding,5675.3,637000.00%,294.3,-,2365.6,1344.6,127,4000
550,Ingersoll Rand,5655.2,152000.00%,562.5,-,15154.5,20541.2,-17,16000
551,Hologic,5632.3,491000.00%,1871.5,678000.00%,8919.9,19305.1,90,6705
552,Electronic Arts,5629,17000.00%,837,-725000.00%,13288,35577.4,-67,11000
553,Zebra Technologies,5627,265000.00%,837,661000.00%,6215,21959.1,28,9800
554,Coty,5616.2,-166000.00%,-201.3,-,13691.4,7540.6,-128,11430
555,Schneider National,5608.7,232000.00%,405.4,915000.00%,3937.3,4551.6,10,17050
556,Sonoco Products,5590.4,67000.00%,-85.5,-1412000.00%,5073.2,6099.1,-45,20500
557,Concentrix,5587,-,405.6,-,5046.4,8605.2,-,290000
558,Evergy,5586.7,137000.00%,879.7,423000.00%,28520.5,15512.7,-26,4930
559,Cornerstone Building Brands,5583.1,209000.00%,665.9,-,5827.5,3088.7,-2,21700
560,Coca-Cola Consolidated,5562.7,111000.00%,189.6,99000.00%,3445.6,4657.3,-34,15050
561,Greif,5556.1,231000.00%,390.7,2591000.00%,5815.8,3134,11,16000
562,Vulcan Materials,5552.2,143000.00%,670.8,148000.00%,13682.6,24412.7,-23,11912
563,Ametek,5546.5,222000.00%,990.1,135000.00%,11898.2,30787.3,3,18500
564,Monster Beverage,5541.4,205000.00%,1377.5,-23000.00%,7804.8,42295.8,-2,3775
565,Sealed Air,5533.8,129000.00%,506.8,8000.00%,6229.3,9920.7,-31,16500
566,NOV,5524,-93000.00%,-250,-,9550,7700.2,-109,27043
567,Las Vegas Sands,5505,524000.00%,-961,-,20059,29696.4,87,44600
568,Martin Marietta Materials,5493.2,161000.00%,702.5,-26000.00%,14393,24015.1,-22,10000
569,Marathon Oil,5467,772000.00%,946,-,16994,18349.5,164,1531
570,Mattel,5457.7,191000.00%,903,6131000.00%,6393.9,7823.3,-7,36300
571,Microchip Technology,5438.4,31000.00%,349.4,-388000.00%,16478.8,41777.1,-66,19500
572,Harley-Davidson,5336.3,316000.00%,650,499789000.00%,11051.1,6062.9,42,5800
573,Telephone & Data Systems,5329,20000%,156,-310000%,13493,2163.4,-61,8800
574,ADT,5307.1,-1000.00%,-340.8,-,16894.4,6843,-70,25000
575,First Republic Bank,5305,177000.00%,1478,389000.00%,181087,29113.6,-1,6295
576,Warner Music Group,5301,188000.00%,304,-,7211,19485.7,3,5900
577,Pool,5295.6,345000.00%,650.6,774000.00%,3230.1,16967.1,47,5650
578,Old Dominion Freight Line,5256.3,309000.00%,1034.4,538000.00%,4821.5,34307.5,41,23663
579,Fortive,5254.7,134000.00%,608.4,-623000.00%,16465.5,21877.9,-23,18000
580,MDC Holdings,5254.7,347000.00%,573.7,561000.00%,4963.5,2692.7,49,2080
581,NGL Energy Partners,5243.2,-735000.00%,-639.8,-,5947.3,288.6,-430,997
582,Edwards Lifesciences,5232.5,193000.00%,1503.1,825000.00%,8502.6,73141.4,7,15700
583,Hanover Insurance Group,5227.8,83000.00%,418.7,167000.00%,14254.3,5317.9,-41,4400
584,Syneos Health,5213,181000.00%,234.8,218000.00%,8237.1,8436.7,2,27443
585,Xylem,5195,65000.00%,427,681000.00%,8276,15354.7,-47,16700
586,Church & Dwight,5190.1,60000%,827.5,53000.00%,7996.5,24119.1,-51,5100
587,American Axle & Manufacturing,5156.6,95000.00%,5.9,-,5635.7,888.3,-40,18000
588,Meritage Homes,5141.3,142000.00%,737.4,741000.00%,4807.5,2907.3,-11,1773
589,Workday,5138.8,190000%,29.4,-,10498.5,60583.4,5,15200
590,Rush Enterprises,5126.1,82000.00%,241.4,1101000.00%,3120,2788.5,-45,7141
591,Yellow,5121.8,135000.00%,-109.1,-,2425.6,360.3,-18,32000
592,Encompass Health,5121.6,103000.00%,412.2,450000%,6864.9,7071.1,-38,35681
593,Simon Property Group,5116.8,111000.00%,2249.6,1022000.00%,33777.4,43197.8,-33,2850
594,Globe Life,5112.9,79000.00%,745,18000.00%,29768,9977.3,-50,3222
595,Skyworks Solutions,5109.1,523000.00%,1498.3,839000.00%,8590.7,21547.5,95,10945
596,Endeavor Group Holdings,5077.7,460000%,-296.6,-,11434.5,20363.1,78,7700
597,Twitter,5077.5,366000.00%,-221.4,-,14059.5,30976.8,50,7500
598,Leggett & Platt,5072.6,185000.00%,402.4,625000.00%,5307.3,4659,-,20300
599,Western Union,5070.8,49000.00%,805.8,83000.00%,8823.5,7374.7,-58,10500
600,PerkinElmer,5067.2,340000%,943.2,296000.00%,15000.6,22009.4,39,16700
601,SS&C Technologies Holdings,5051,82000.00%,800,280000%,17333,19235.1,-49,24900
602,CUNA Mutual Group,5049.5,247000.00%,622.3,3277000.00%,44345,-,13,4100
603,FMC,5045.2,87000.00%,736.5,335000.00%,10581.3,16563.8,-48,6400
604,Carlisle,5030,185000.00%,421.7,317000.00%,7246.8,12804.5,-5,11250
605,American Eagle Outfitters,5010.8,333000.00%,419.6,-,3786.6,2836.6,37,24000
606,Core & Main,5004,374000.00%,166,3486000.00%,4434,5948.8,-,4100
607,Vertiv Holdings,4998.1,144000.00%,119.6,-,6939.6,5263.9,-17,24000
608,Broadridge Financial Solutions,4993.7,103000.00%,547.5,184000.00%,8119.8,18182.7,-40,13704
609,Ingles Markets,4987.9,82000.00%,249.7,398000.00%,2018.3,1691.4,-50,18460
610,TPG,4976.4,1353000.00%,2180.9,1981000.00%,8962,9304.9,-,1013
611,Insperity,4973.1,160000%,124.1,-102000.00%,1753.1,3849.8,-14,3600
612,Howmet Aerospace,4972,-55000.00%,258,-11000.00%,10219,15055.4,-105,19900
613,R.R. Donnelley & Sons,4963.7,-81000.00%,3.7,-962000.00%,3131.4,-,-114,32000
614,Keysight Technologies,4941,171000.00%,894,426000.00%,7781,28746.6,-13,14300
615,Tempur Sealy International,4930.8,341000.00%,624.5,790000%,4323.4,4997.7,37,12000
616,Scotts Miracle-Gro,4925,192000.00%,512.5,323000.00%,4800,6834.6,-9,8050
617,Equifax,4923.9,193000.00%,744.2,431000.00%,11040.9,29141.8,-9,12700
618,Kelly Services,4909.7,87000.00%,156.1,-,2894.2,856,-47,7400
619,NiSource,4899.6,47000.00%,584.9,-,24156.9,12891.2,-70,7307
620,OneMain Holdings,4895,-,1314,800000%,22079,6042.8,-84,8800
621,DoorDash,4888,694000.00%,-468,-,6809,40830.3,148,8600
622,Avient,4818.8,486000.00%,230.8,754000.00%,4997.2,4388.4,80,8700
623,Sanderson Farms,4799.7,347000.00%,455.1,15096000.00%,2345,4185.4,39,17662
624,TransDigm Group,4798,-74000.00%,680,-27000.00%,19315,36135.8,-108,13300
625,Stifel Financial,4783.1,253000.00%,824.9,638000.00%,34049.7,7226,8,8600
626,JELD-WEN Holding,4771.7,127000.00%,168.8,843000.00%,3738.7,1826,-26,24700
627,Ares Management,4770.6,1228000.00%,408.8,1687000.00%,21605.2,23821.1,-,2100
628,Elanco Animal Health,4765,456000.00%,-472,-,16483,12345.4,71,9800
629,Prologis,4759.4,72000.00%,2939.7,984000.00%,58486.2,119524.5,-45,2053
630,Welltower,4742.1,30000%,336.1,-657000.00%,34910.3,43001.5,-69,464
631,Darling Ingredients,4741.4,327000.00%,650.9,1193000.00%,6133.7,12987.4,29,9900
632,Juniper Networks,4735.4,65000.00%,252.7,-20000%,8887,11986.6,-50,10191
633,Gartner,4734,155000.00%,793.6,1975000.00%,7416.3,24477.2,-21,16600
634,Par Pacific Holdings,4710.1,507000.00%,-81.3,-,2570.3,783.3,91,1336
635,Hubbell,4703.5,124000.00%,399.5,138000.00%,5281.5,9959.6,-33,18300
636,CME Group,4689.7,-40000%,2636.4,252000.00%,196780.3,85492.3,-99,3480
637,Nexstar Media Group,4648.4,33000.00%,834.6,29000.00%,13264.5,7728.3,-61,11817
638,Tutor Perini,4641.8,-127000.00%,91.9,-152000.00%,4724.9,551.8,-135,7800
639,Antero Resources,4619.4,323000.00%,-186.9,-,13896.5,9608,33,519
640,Teledyne Technologies,4614.3,495000.00%,445.3,108000.00%,14430.3,22102.9,92,14500
641,Snap-on,4601.7,167000.00%,820.5,309000.00%,6759.7,10976.1,-18,12800
642,Rent-A-Center,4583.5,629000.00%,134.9,-352000.00%,2993.3,1486.9,138,14290
643,Covetrus,4575,54000.00%,-54,-,3410,2319.3,-50,4873
644,Crestwood Equity Partners,4569,1027000.00%,-78.5,-,4445.7,2931.5,260,645
645,Louisiana-Pacific,4553,633000.00%,1377,1760000%,2194,5344.1,142,4800
646,Urban Outfitters,4548.8,319000.00%,310.6,250307000.00%,3791.3,2421.4,32,16330
647,Penn Mutual Life Insurance,4545.6,228000.00%,522.9,822000.00%,44190.9,-,2,3194
648,Amerco,4542,142000.00%,610.9,382000.00%,14651.6,11704.7,-28,22052
649,TriNet Group,4540,125000.00%,338,243000.00%,3309,6482.5,-31,2800
650,Sentry Insurance Group,4526.2,262000.00%,739.9,2667000.00%,23880.5,-,8,4064
651,Illumina,4526,397000.00%,762,162000.00%,15217,54855.8,55,10775
652,Iron Mountain,4491.5,83000.00%,450.2,314000.00%,14450,16059.5,-47,25000
653,LCI Industries,4472.7,600000%,287.7,816000.00%,3288.1,2624.5,131,13900
654,Marvell Technology,4462.4,503000.00%,-421,-,22108.6,60795.7,-,6712
655,PennyMac Financial Services,4450.2,-19000.00%,1003.5,-391000.00%,18776.6,2948.5,-88,7208
656,Digital Realty Trust,4427.9,134000.00%,1709.3,3796000.00%,36369.6,40337.7,-29,3030
657,TreeHouse Foods,4405.5,-36000.00%,-12.5,-1906000.00%,5207,1800,-93,10000
658,Ralph Lauren,4400.8,-286000.00%,-121.1,-1315000.00%,7887.5,8073.2,-208,16200
659,Mattress Firm Group,4392.9,349000.00%,-165.1,-2314000.00%,3539.1,-,-,8900
660,American National Group,4391.8,158000.00%,699.3,496000.00%,31320.3,5084.1,-24,4545
661,Autodesk,4386.4,157000.00%,497,-589000.00%,8606.8,46580,-24,12600
662,Domino's Pizza,4357.4,58000.00%,510.5,39000.00%,1671.8,14665.9,-52,10450
663,ASGN,4333.8,97000.00%,409.9,1046000.00%,3502.8,6022.2,-41,3900
664,Flowers Foods,4330.8,-13000.00%,206.2,354000.00%,3253.3,5438.6,-76,8900
665,BlueLinx Holdings,4277.2,381000.00%,296.1,2661000.00%,1317.5,699.5,62,2045
666,Palo Alto Networks,4256.1,249000.00%,-498.9,-,10241.6,61307.5,16,10473
667,Maximus,4254.5,229000.00%,291.2,358000.00%,4119,4641.1,10,35800
668,Dentsply Sirona,4251,272000.00%,421,-,9220,10708,23,15000
669,Hub Group,4232.4,211000.00%,171.5,1331000.00%,2437.3,2678.5,2,4700
670,Voya Financial,4230,-537000.00%,2126,-,171262,7042.2,-338,5970
670,Bread Financial Holdings,4230,-64000.00%,801,2748000.00%,21746,2804.6,-101,6000
672,Weis Markets,4224.4,27000.00%,108.8,-85000.00%,1910.5,1921.1,-61,24000
673,Century Communities,4216.3,334000.00%,498.5,1418000.00%,3496.9,1783.2,44,1600
674,Synopsys,4204.2,141000.00%,757.5,140000%,8752.3,51023.2,-23,16361
675,Brink's,4200.2,138000.00%,105.2,5575000.00%,5566.7,3234.4,-25,73350
676,Lennox International,4194.1,154000.00%,464,302000.00%,2171.9,9447.2,-23,11000
677,Service Corp. International,4143.1,180000%,802.9,556000.00%,15691.2,10581.3,-7,20840
678,Conduent,4140,-6000.00%,-28,-,4036,1111.6,-74,60000
679,Timken,4132.9,176000.00%,369.1,297000.00%,5170.7,4539.6,-10,18029
680,Domtar,4132,-111000.00%,-27,-,4854,-,-127,6100
681,Bloomin' Brands,4122.4,300000%,215.6,-,3294.3,1966.6,33,82000
682,CNO Financial Group,4122.2,79000.00%,441,461000.00%,36204.4,2945.7,-50,3350
683,Snap,4117,642000.00%,-488,-,7536.3,58458.4,156,5661
684,Zoom Video Communications,4099.9,546000.00%,1375.6,1046000.00%,7551.3,35066.3,126,6787
685,Patrick Industries,4078.1,640000%,224.9,1317000.00%,2650.7,1408.2,159,11000
686,Paychex,4056.8,4000.00%,1097.5,-1000.00%,9227.2,49268,-69,15000
687,Atlas Air Worldwide Holdings,4030.8,255000.00%,493.3,369000.00%,6443.2,2523.4,21,4056
688,Bright Health Group,4029.4,2337000.00%,-1184.9,-,3598.3,1213.5,-,3203
689,Peloton Interactive,4021.8,1203000.00%,-189,-,4485.6,8760.9,-,8662
690,Country Financial,4016.2,653000.00%,419.2,474000.00%,16327.2,-,164,3149
691,Qorvo,4015.3,240000%,733.6,1194000.00%,7221.5,13456.4,14,8750
692,Catalent,3998,292000.00%,585,1651000.00%,9112,19862.7,36,17300
693,Mercury General,3993.4,55000.00%,247.9,-338000.00%,6772.5,3045.4,-55,4300
694,AMN Healthcare Services,3984.2,664000.00%,327.4,3633000.00%,3131.9,4796.1,168,3800
695,Tri Pointe Homes,3982.2,221000.00%,469.3,663000.00%,4336.2,2160.1,5,1390
696,ArcBest,3980.1,354000.00%,213.5,2003000.00%,2112.7,1979.7,59,14000
697,Toro,3959.6,172000.00%,409.9,243000.00%,2936.1,8936.9,-10,10982
698,Spirit AeroSystems Holdings,3953,161000.00%,-540.8,-,7737.3,5130.6,-14,16100
699,Align Technology,3952.6,599000.00%,772,-565000.00%,5942.1,34354.8,151,22540
700,loanDepot,3943.2,-113000.00%,113.5,-944000.00%,11812.3,1290.3,-117,11307
701,APi Group,3940,98000.00%,47,-,5159,4891.1,-45,13300
702,American Water Works,3930,41000.00%,1263,781000.00%,26075,30085.5,-62,6400
703,Matson,3925.3,647000.00%,927.4,3803000.00%,3693.1,4927.5,163,4259
704,Diebold Nixdorf,3905.2,1000.00%,-78.8,-,3507.2,531.2,-76,22000
705,Marriott Vacations Worldwide,3890,348000.00%,49,-,9613,6620,64,20300
706,Terex,3886.8,261000.00%,220.9,-,2863.5,2485.5,29,8600
707,Sally Beauty Holdings,3875,103000.00%,239.9,1118000.00%,2847.1,1720.5,-39,29000
708,Enovis,3854.3,255000.00%,71.7,681000.00%,8515.3,6419.3,29,16200
709,IAC/InterActiveCorp,3845.1,262000.00%,597.5,1215000.00%,12300.3,9001.4,31,13200
710,Meritor,3833,259000.00%,199,-188000.00%,2938,2519.4,32,9600
711,Ventas,3828,9000.00%,49,-888000.00%,24717.8,24676.2,-77,434
712,GoDaddy,3815.7,150000%,242.3,-,7417.1,14018.7,-15,6611
713,Regal Rexnord,3810.3,311000.00%,209.9,109000.00%,10281.6,10002.1,50,30000
714,Puget Energy,3805.7,144000.00%,260.8,428000.00%,15871.9,-,-19,3185
715,Clean Harbors,3805.6,210000%,203.2,507000.00%,5653.7,6073.8,6,18300
716,Pinnacle West Capital,3803.8,60000%,618.7,124000.00%,22003.2,8820,-59,5872
717,eXp World Holdings,3771.2,1097000.00%,81.2,1609000.00%,413.8,3149.3,-,1669
718,Mueller Industries,3769.3,572000.00%,468.5,2359000.00%,1728.9,3100.4,143,5337
719,Wynn Resorts,3763.7,796000.00%,-755.8,-,12530.8,9243.3,221,26950
720,RH,3758.8,320000%,688.5,1533000.00%,5540.5,7079,57,6100
721,EPAM Systems,3758.1,413000.00%,481.7,472000.00%,3523.2,16870.7,87,58824
722,M/I Homes,3745.9,230000%,396.9,654000.00%,3239.9,1262.2,19,1657
723,Generac Holdings,3737.2,504000.00%,550.5,570000%,4877.8,18960.3,122,9248
724,Mettler-Toledo International,3717.9,205000.00%,769,276000.00%,3326.8,31220.3,10,16700
725,Abercrombie & Fitch,3712.8,188000.00%,263,-,2939.5,1619.5,-1,19250
726,Teradyne,3702.9,186000.00%,1014.6,294000.00%,3809.4,19202.6,-,5900
727,American Equity Investment Life Holding,3689.5,522000.00%,474,-294000.00%,78349.1,3869.2,130,850
728,Southwest Gas Holdings,3680.5,116000.00%,200.8,-136000.00%,12765.3,5233.6,-30,12720
729,Pitney Bowes,3673.6,34000.00%,-1.4,-,4958.9,900.1,-65,11500
730,Lamb Weston Holdings,3670.9,-32000.00%,317.8,-131000.00%,4209.4,8699.1,-95,7800
731,Alliant Energy,3669,74000.00%,659,73000.00%,18553,15670.6,-51,3313
732,Resolute Forest Products,3664,309000.00%,307,29700000%,3538,991.7,51,6900
733,Parsons,3660.8,-66000.00%,64.1,-350000%,3830.9,4012,-108,15500
734,Trimble,3659.1,162000.00%,492.7,264000.00%,7099.6,18122.7,-14,11931
735,OGE Energy,3653.7,722000.00%,737.3,-,12606.4,8164.2,198,2185
736,Garrett Motion,3633,197000.00%,-,-,2706,463.9,7,7600
737,Winnebago Industries,3629.8,541000.00%,281.9,3588000.00%,2062.6,1770.9,140,6532
738,Ciena,3620.7,25000.00%,500.2,384000.00%,4865.2,9223.4,-72,7205
739,PriceSmart,3619.9,87000.00%,98,254000.00%,1705.8,2434.1,-45,10400
740,Advantage Solutions,3602.3,142000.00%,54.5,-,5854.3,2029.6,-22,45000
741,H&R Block,3588.6,359000.00%,683.9,-,4014.4,4284.6,70,38000
742,iHeartMedia,3558.3,207000.00%,-159.2,-,8881.3,2728.1,11,9990
743,Super Micro Computer,3557.4,65000.00%,111.9,327000.00%,2242,1963,-50,4155
744,Flowserve,3541.1,-50000%,125.9,-34000.00%,4749.8,4681.4,-101,16000
745,Charles River Laboratories International,3540.2,211000.00%,391,73000.00%,7024.3,14425.4,15,19300
746,A.O. Smith,3538.9,222000.00%,487.1,412000.00%,3474.4,10032.2,21,13700
747,New Residential Investment,3533.1,5128000.00%,772.2,-,39742.2,5125,-,12296
748,Medical Mutual of Ohio,3514.8,-3000.00%,78.3,-220000%,2646.4,-,-81,2834
749,Granite Construction,3501.9,-17000.00%,10.1,-,2494.9,1504.7,-86,2600
750,Valmont Industries,3501.6,209000.00%,195.6,390000%,3447.2,5083.4,16,11041
751,Sprague Resources,3498.2,498000.00%,-68.9,-3038000.00%,1418.3,433.7,135,757
752,Primoris Services,3497.6,2000.00%,115.6,101000.00%,2543.3,1269.8,-79,10810
753,Cboe Global Markets,3494.8,20000%,529,130000%,6814.5,12148.2,-74,1196
754,Carter's,3486.4,153000.00%,339.7,2097000.00%,3201.8,3763.4,-9,15900
755,TopBuild,3486.2,283000.00%,324,312000.00%,4258.5,5987.1,40,13006
756,SiteOne Landscape Supply,3475.7,285000.00%,238.4,965000.00%,2116.1,7255.5,46,5475
757,Texas Roadhouse,3463.9,444000.00%,245.3,6848000.00%,2512,5787.8,103,73300
758,Akamai Technologies,3461.2,82000.00%,651.6,170000%,8138.7,19210,-47,8700
759,Acuity Brands,3461,40000%,306.3,234000.00%,3575.1,6628.9,-63,13000
759,Brown-Forman,3461,29000.00%,903,92000.00%,6522,31376.6,-70,4700
761,Navient,3454,-73000.00%,717,740000%,80605,2592.3,-117,5263
762,Coterra Energy,3449,1352000.00%,1158,4775000.00%,19900,21872.1,-,936
763,Option Care Health,3438.6,134000.00%,139.9,-,2790.9,5139,-19,6334
764,Floor & Decor Holdings,3433.5,415000.00%,283.2,453000.00%,3730.7,8573.8,92,9276
765,Public Storage,3415.8,172000.00%,1953.3,439000.00%,17380.9,68438.2,-3,5800
766,Cabot,3409,304000.00%,250,-,3306,3871.1,47,4500
767,Crane Holdings,3408,160000%,435.4,1406000.00%,4486.6,6158.9,-10,11000
768,Atmos Energy,3407.5,208000.00%,665.6,107000.00%,19608.7,16182.8,10,4684
769,Selective Insurance Group,3379.2,156000.00%,403.8,639000.00%,10461.4,5391.5,-8,2440
770,Take-Two Interactive Software,3372.8,92000.00%,588.9,456000.00%,6028.2,17744.1,-40,6495
771,Boyd Gaming,3369.8,547000.00%,463.8,-,6224.2,7234,145,15114
772,Plexus,3368.9,-6000.00%,138.9,182000.00%,2461.9,2298.6,-87,19200
773,ScanSource,3364.2,-68000.00%,10.8,-,1671.7,890.8,-118,2200
774,Franchise Group,3362.7,562000.00%,363.8,13514000.00%,3913.2,1669.6,150,11895
775,NLV Financial,3350.8,302000.00%,392.1,1025000.00%,41942.4,-,48,1157
776,CrossAmerica Partners,3350.5,871000.00%,21.7,-798000.00%,1270.1,826.5,-,2218
777,Mr. Cooper Group,3344,224000.00%,1454,3767000.00%,14204,3369.4,15,8200
778,Fortinet,3342.2,288000.00%,606.8,242000.00%,5919.1,54957.1,38,10195
779,Brinker International,3337.8,84000.00%,131.6,4393000.00%,2274.9,1701.9,-43,59491
780,Albemarle,3328,64000.00%,123.7,-671000.00%,10974.1,25899.4,-57,6000
781,Peabody Energy,3318.3,152000.00%,360.1,-,4949.8,3391.5,-9,4900
782,Light & Wonder,3310,215000.00%,371,-,7883,5679.7,12,5600
783,Evercore,3307.1,447000.00%,740.1,1111000.00%,3802.7,4275.1,116,1940
784,Stewart Information Services,3305.8,445000.00%,323.2,1087000.00%,2813.4,1635.1,114,7300
785,Central Garden & Pet,3303.7,226000.00%,151.7,257000.00%,3116.7,2286.5,19,6750
786,GMS,3298.8,18000.00%,105.6,3515000.00%,2483.9,2142.1,-83,5843
787,H.B. Fuller,3278,175000.00%,161.4,305000.00%,4274.5,3505.2,-1,6500
788,Middleby,3250.8,293000.00%,488.5,1357000.00%,6383.6,8961.1,49,10624
789,Renewable Energy Group,3244.1,518000.00%,213.8,741000.00%,2558.9,3056.2,139,1196
790,MSC Industrial Direct,3243.2,16000.00%,216.9,-136000.00%,2462.1,4758.3,-78,6472
791,Vishay Intertechnology,3240.5,295000.00%,298,1424000.00%,3543.3,2840.1,49,22800
792,Applied Industrial Technologies,3235.9,-3000.00%,144.8,5021000.00%,2271.8,3947.9,-91,5947
793,Lincoln Electric Holdings,3234.2,218000.00%,276.5,341000.00%,2592.3,8079.1,16,11000
794,First Horizon,3234,-46000.00%,999,182000.00%,89092,12542.9,-108,7676
795,Spirit Airlines,3230.8,785000.00%,-472.6,-,8540,2375.4,-,9823
796,AptarGroup,3227.2,102000.00%,244.1,140000%,4141.4,7702.9,-37,13000
797,Citrix Systems,3217.2,-6000.00%,307.5,-390000%,6975.5,12704.6,-90,9700
798,IDEXX Laboratories,3215.4,188000.00%,744.8,280000%,2437.2,46089.3,2,10350
799,Tetra Tech,3213.5,73000.00%,232.8,339000.00%,2576.6,8906.7,-51,21000
800,Lyft,3208.3,357000.00%,-1009.4,-,4773.9,13384.6,75,4453
801,Gannett,3208.1,-58000.00%,-135,-,2828.1,643.9,-118,16300
802,ResMed,3196.8,81000.00%,474.5,-237000.00%,4728.1,35463.3,-51,7970
803,Designer Brands,3196.6,430000%,154.5,-,2014.6,991.4,104,13500
804,Graham Holdings,3186,103000.00%,352.1,172000.00%,7425.5,3000.6,-36,15048
805,Vroom,3184.3,1345000.00%,-370.9,-,2366.8,364.7,-,1807
806,Worthington Industries,3171.4,37000.00%,723.8,8186000.00%,3373.2,2537.8,-68,9000
807,Calumet Specialty Products Partners,3148,388000.00%,-260.1,-,2127.9,1070.8,96,1450
808,Xilinx,3147.6,-5000.00%,646.5,-184000.00%,5519.2,-,-92,4890
809,TransUnion,3145,158000.00%,1387.1,3042000.00%,12635,19882.6,-13,10200
810,Travel + Leisure,3134,451000.00%,308,-,6588,4966.2,112,16800
811,Callaway Golf,3133.4,971000.00%,322,-,7747.8,4337.1,-,24800
812,Dycom Industries,3130.5,-21000.00%,48.6,415000.00%,2118.2,2821,-102,15024
813,Columbia Sportswear,3126.4,250000%,354.1,2278000.00%,3067.1,5840.4,28,8325
814,II-VI,3105.9,305000.00%,297.6,-,6512.7,7708.2,54,22961
815,Change Healthcare,3090.4,14704000.00%,-112.2,-,10112.6,6799.3,-,15000
816,Grocery Outlet Holding,3079.6,-18000.00%,62.3,-416000.00%,2669.8,3148,-94,875
817,AMC Networks,3077.6,93000.00%,250.6,44000.00%,5748.9,1721.7,-38,1883
818,Hyster-Yale Materials Handling,3075.7,94000.00%,-173,-5663000.00%,1970.1,561.2,-36,8100
819,ChampionX,3075,618000.00%,113.3,-,3534.7,4976.7,167,7000
820,Comfort Systems USA,3073.6,76000.00%,143.3,-45000.00%,2209.1,3200.5,-44,13200
821,EQT,3064.7,2000.00%,-1155.8,-,21607.4,12955.4,-82,693
822,Brown & Brown,3051.4,168000.00%,587.1,222000.00%,9795.4,20395.7,-8,12023
823,LGI Homes,3050.1,288000.00%,429.6,326000.00%,2351.9,2322.4,50,952
824,Hyatt Hotels,3028,466000.00%,-222,-,12603,10498.3,122,44000
825,Comerica,3024,-23000.00%,1168,1464000.00%,94616,11854.4,-96,7442
826,Energizer Holdings,3021.5,56000.00%,160.9,-,5007.5,2191.7,-51,6000
827,Hill-Rom Holdings,3018.7,48000.00%,248.5,114000.00%,4999.1,-,-54,10000
828,Rackspace Technology,3009.5,112000.00%,-218.3,-,6328.7,2365.6,-29,6600
829,Verisk Analytics,2998.6,77000.00%,666.2,-65000.00%,7808.1,34616.2,-41,9367
830,Spectrum Brands Holdings,2998.1,-244000.00%,189.6,939000.00%,5340.4,3617.6,-209,12100
831,Euronet Worldwide,2995.4,207000.00%,70.7,-,4744.3,6658.2,16,8800
832,TEGNA,2991.1,18000.00%,477,-12000.00%,6917.6,4962.6,-76,6200
833,Vontier,2990.7,106000.00%,413,208000.00%,4349.8,4087.8,-32,8500
834,Cadence Design Systems,2988.2,114000.00%,696,178000.00%,4386.3,45781.7,-29,9298
835,Incyte,2986.3,120000%,948.6,-,4933.4,17577.6,-28,2094
836,Match Group,2983.3,248000.00%,277.7,1160000%,5063.3,31007,28,2520
837,Valvoline,2981,267000.00%,420,325000.00%,3191,5660.5,43,9800
838,EnerSys,2977.9,-36000.00%,143.4,46000.00%,3462.8,3076,-107,11400
839,Avaya Holdings,2973,35000.00%,-13,-,5985,1076,-65,8063
840,UWM Holdings,2970.3,-399000.00%,98.4,-971000.00%,22528.4,7223.5,-311,8000
841,Zions Bancorp.,2970,10000%,1129,1095000.00%,93200,9958.2,-87,9685
842,Quad/Graphics,2960.4,-16000.00%,37.8,-,1890,388.5,-96,15100
843,MKS Instruments,2949.6,266000.00%,551.4,575000.00%,4540.3,8327.6,45,6200
844,Arista Networks,2948,272000.00%,840.9,325000.00%,5734.4,42773.4,45,2993
845,Interactive Brokers Group,2938,185000.00%,308,579000.00%,109113,27961.7,3,2571
846,Range Resources,2930.2,488000.00%,411.8,-,6660.5,7964,120,527
847,Atkore,2928,659000.00%,587.9,2860000%,2210.1,4415.6,-,3700
848,Cheesecake Factory,2927.5,476000.00%,72.4,-,2798.1,2098.6,111,45800
849,First Solar,2923.4,78000.00%,468.7,177000.00%,7413.7,8904.4,-51,4800
850,Bio-Rad Laboratories,2922.5,148000.00%,4245.9,116000.00%,17775.8,16982.2,-21,7900
851,Cooper Cos.,2922.5,202000.00%,2944.7,11352000.00%,9606.2,20587.8,2,12000
852,Envista Holdings,2922.4,281000.00%,340.5,9225000.00%,6574.2,7882.5,48,11200
853,Alight,2915,69000.00%,-60,-,10988,5542.2,-,16000
854,Newmark Group,2906.4,526000.00%,750.7,8377000.00%,5216.2,3009.9,129,6169
855,PC Connection,2892.6,117000.00%,69.9,254000.00%,1083.4,1375.8,-38,2542
856,Host Hotels & Resorts,2890,784000.00%,-11,-,12352,13875.9,-,160
857,Boston Properties,2888.6,44000.00%,505.2,-421000.00%,22365.3,20179.9,-67,743
858,Western Midstream Partners,2877.2,38000.00%,916.3,739000.00%,11273.1,10177.4,-69,1127
859,Magellan Midstream Partners,2870.1,182000.00%,982,202000.00%,8030,10422.1,-4,1715
860,Hillenbrand,2864.8,138000.00%,249.9,-,4014.9,3216.2,-24,10500
861,Donaldson,2853.9,105000.00%,286.9,116000.00%,2400.2,6416.4,-40,13100
862,Moog,2852,-11000.00%,157.2,16080000%,3433.2,2814.6,-91,14000
863,Hawaiian Electric Industries,2850.4,105000.00%,246.2,244000.00%,15822.6,4630,-41,3623
864,Five Below,2848.4,452000.00%,278.8,1260000%,2880.5,8825,105,13150
865,Twilio,2841.8,613000.00%,-949.9,-,12998.6,29916.9,-,7867
866,Univision Communciations,2841,118000.00%,133.7,-,14055.4,-,-36,-
867,Annaly Capital Management,2836.2,11885000.00%,2389.9,-,76764.1,10281,-,171
868,Fleetcor Technologies,2833.7,186000.00%,839.5,192000.00%,13404.7,19398.4,-3,9700
869,West Pharmaceutical Services,2831.6,319000.00%,661.8,912000.00%,3313.8,30508.2,56,10065
870,Green Plains,2827.2,470000%,-66,-,2159.8,1662.5,107,859
871,Cracker Barrel Old Country Store,2821.4,118000.00%,254.5,-,2391.7,2757.6,-38,70000
872,Virtu Financial,2811.5,-132000.00%,476.9,-265000.00%,10320,6622.1,-168,973
873,Teleflex,2809.6,107000.00%,485.4,447000.00%,6871.7,16642.1,-41,14000
874,Zynga,2800.5,418000.00%,-104.2,-,6358.9,10463.5,89,2952
875,ATI,2799.8,-61000.00%,-38.2,-,4285.2,3350.8,-126,6300
876,AppLovin,2793.1,925000.00%,35.4,-,6163.6,20696.8,-,1594
877,Waters,2785.9,178000.00%,692.8,328000.00%,3094.9,18783.4,-3,7800
878,Mutual of America Life Insurance,2784.8,836000.00%,50.7,-,28325.2,-,-,1146
879,Hovnanian Enterprises,2782.9,187000.00%,607.8,10935000.00%,2320.5,371.9,6,1784
880,Amica Mutual Insurance,2777.9,18000.00%,117.1,-363000.00%,6937.3,-,-87,3510
881,Caleres,2777.6,312000.00%,137,-,1843.9,727.5,54,7200
882,FTI Consulting,2776.2,128000.00%,235,115000.00%,3100.9,5400.1,-30,6780
883,Overstock.com,2773.8,88000.00%,389.4,5953000.00%,1066,1897.8,-56,1350
884,Visteon,2773,88000.00%,41,-,2234,3056.1,-56,10000
885,G-III Apparel Group,2766.5,346000.00%,200.6,7520000%,2742.5,1296.1,64,3250
886,ITT,2765,116000.00%,316.3,3363000.00%,3565.4,6415.4,-37,9900
887,IDEX,2764.8,176000.00%,449.4,190000%,4917.2,14591.6,-6,7536
888,Popular,2764.8,62000.00%,934.9,845000.00%,75097.9,6252.3,-73,8351
889,Roku,2764.6,555000.00%,242.4,-,4082.1,16949.3,-,3000
890,Schnitzer Steel Industries,2758.6,611000.00%,165.1,-,1494.4,1445.2,-,3167
891,Brookdale Senior Living,2758.3,-221000.00%,-99.3,-2211000.00%,6410.5,1308.3,-226,28545
892,Werner Enterprises,2734.4,153000.00%,259.1,532000.00%,2603.7,2697.9,-21,13525
893,Americold Realty Trust,2714.8,366000.00%,-30.5,-2241000.00%,8216.2,7489.8,64,16275
894,SkyWest,2713.5,276000.00%,111.9,-,7125.9,1457.6,36,15205
895,Primerica,2709.7,222000.00%,373.4,-33000.00%,16123.2,5326.8,14,3170
896,McAfee,2701,-71000.00%,849,-,3422,-,-132,2262
897,Nu Skin Enterprises,2695.7,44000.00%,147.3,-230000%,1906.5,2385.6,-77,19600
898,Copart,2692.5,221000.00%,936.5,338000.00%,4562.1,29798.8,12,8600
899,PROG Holdings,2677.9,78000.00%,243.6,-,1621.8,1586.9,-53,2023
900,Splunk,2673.7,199000.00%,-1339.1,-,5790.9,23881.6,8,7000
901,MRC Global,2666,41000.00%,-14,-,1671,995.2,-75,2600
902,Stericycle,2646.9,-11000.00%,-27.8,-,5473.1,5415.5,-96,15465
903,Maxim Integrated Products,2632.5,201000.00%,827.3,264000.00%,4523.1,-,9,7100
904,Ensign Group,2627.5,94000.00%,194.7,142000.00%,2850.6,4958.3,-45,25900
905,SM Energy,2622.9,1328000.00%,36.2,-,5234,4746.5,-,506
906,Kaiser Aluminum,2622,1236000.00%,-18.5,-1642000.00%,2422.4,1493.9,-,3957
907,Federated Mutual Insurance,2612.2,141000.00%,320.1,615000.00%,10537.4,-,-10,2702
908,F5,2603.4,107000.00%,331.2,77000.00%,4997.3,12691.2,-26,6429
909,Steelcase,2596.2,-303000.00%,26.1,-869000.00%,2354,1339.5,-264,11400
910,Encore Wire,2592.7,1030000%,541.4,6118000.00%,1530.5,2250.3,-,1440
911,Guess,2591.6,381000.00%,171.4,-,2555.6,1305.5,79,12500
912,Playtika Holding,2583,89000.00%,308.5,2350000%,2803.3,7965.8,-40,4000
913,Pinterest,2578,523000.00%,316.4,-,3537.2,16196.9,-,3225
914,WeWork,2570.1,-248000.00%,-4439,-,21756.2,4937.4,-,4400
915,ManTech International,2554,14000.00%,137,137000.00%,2639.6,3517.6,-80,9800
916,BrightView Holdings,2553.6,88000.00%,46.3,-,3237.6,1351.5,-32,20150
917,NortonLifeLock,2552,-339000.00%,554,-857000.00%,6361,15441.9,-286,2800
918,Deckers Outdoor,2545.6,194000.00%,382.6,385000.00%,2167.7,7457.8,11,3400
919,Griffon,2541.7,56000.00%,79.2,483000.00%,2604.7,1127.8,-61,6700
920,AMC Entertainment Holdings,2527.9,1035000.00%,-1269.1,-,10821.5,12733.4,-,17122
921,Curtiss-Wright,2505.9,48000.00%,267.2,327000.00%,4103.5,5771,-58,7800
922,MYR Group,2498.3,112000.00%,85,447000.00%,1121.1,1594.5,-16,7600
923,Kontoor Brands,2475.9,-,195.4,-,1533,2325.3,-,14000
924,Liberty Energy,2470.8,1558000.00%,-179.2,-,2040.7,2757.9,-,3601
925,Knights of Columbus,2467.5,49000.00%,130.3,372000.00%,28838.4,-,-47,749
926,AdaptHealth,2465.1,1334000.00%,156.2,-,5250.5,2146.6,-,10700
927,MillerKnoll,2465.1,-9000.00%,173.1,-,2061.9,2617.7,-84,7600
928,Equity Residential,2464,-42000.00%,1332.9,459000.00%,21169.2,33802.5,-104,2400
929,DexCom,2448.5,271000.00%,154.7,-687000.00%,4863.6,49824.5,47,6650
930,Rollins,2424.3,122000.00%,350.7,345000.00%,1980.9,17260.7,-9,16482
931,Genesco,2422.1,356000.00%,114.9,-,1562.1,868.7,-,11700
932,Bruker,2417.9,217000.00%,277.1,756000.00%,3650,9694.7,26,7765
933,Joann,2417.6,-125000.00%,56.7,-733000.00%,2362.2,463.2,-142,13530
934,Wolverine World Wide,2414.9,348000.00%,68.6,-,2586.4,1836.1,-,4400
935,Gray Television,2413,13000.00%,90,-780000%,11108,2093.2,-68,8801
936,Affiliated Managers Group,2412.4,190000%,565.7,1798000.00%,8876.4,5606.8,15,4050
937,Summit Materials,2409.7,33000.00%,152.2,103000.00%,4239.1,3687.8,-50,5500
938,SLM,2409.3,24000.00%,1160.5,318000.00%,29221.9,5129.7,-59,1450
939,Belden,2408.1,221000.00%,63.9,-,3417.7,2492.5,25,7400
940,Allison Transmission Holdings,2402,154000.00%,442,478000.00%,4457,3810.6,3,3400
941,Element Solutions,2399.8,295000.00%,203.3,1686000.00%,5138.4,5434.8,-,5300
942,Portland General Electric,2396,117000.00%,244,574000.00%,9494,4940,-16,2839
943,REV Group,2380.8,45000.00%,44.4,-,1238.3,843.4,-41,6800
944,Acadia Healthcare,2376.9,-259000.00%,190.6,-,4768.1,5891.3,-235,19200
945,Alexandria Real Estate Equities,2373.6,29000.00%,571.2,-259000.00%,30219.4,32188.6,-55,559
946,Nordson,2362.2,114000.00%,454.4,821000.00%,3791,13157.1,-12,6813
947,NewMarket,2356.1,172000.00%,190.9,-294000.00%,2558.4,3346.7,7,2104
948,Ohio National Mutual,2346.5,75000.00%,-85.2,-1774958000.00%,40795,-,-34,1082
949,Stepan,2346,255000.00%,137.8,87000.00%,2065.6,2215.6,43,2439
950,Valhi,2335.4,243000.00%,127.2,1304000.00%,3005.2,828.8,39,2847
951,Hilton Grand Vacations,2335,1612000.00%,176,-,8008,6247.9,-,13000
952,Cooper-Standard Holdings,2330.2,-19000.00%,-322.8,-,2226.5,149,-82,21300
953,Etsy,2329.1,350000%,493.5,413000.00%,3831.8,15787.7,-,2402
954,Crocs,2313.4,669000.00%,725.7,1320000%,1545.1,4676.2,-,5770
955,Olympic Steel,2312.3,874000.00%,121.1,-,1023.6,427.8,-,1642
956,Signature Bank,2311.3,152000.00%,918.4,738000.00%,118445.4,18416.9,-,1854
957,SBA Communications,2308.8,108000.00%,237.6,8858000.00%,9801.7,37168.7,-15,1596
958,Murphy Oil,2300.1,167000.00%,-73.7,-,10304.9,6275.3,7,696
959,Entegris,2298.9,236000.00%,409.1,387000.00%,3191.9,17830.9,38,6850
960,AvalonBay Communities,2294.9,-3000.00%,1004.3,213000.00%,19902,34710.3,-64,2883
961,Saia,2288.7,256000.00%,253.2,831000.00%,1845.3,6438.4,-,11600
962,E.W. Scripps,2283.5,192000.00%,122.7,-544000.00%,6658.3,1718.3,17,5600
963,TTEC Holdings,2273.1,166000.00%,141,188000.00%,1996.8,3878,11,65000
964,Sun Communities,2272.6,625000.00%,380.2,1888000.00%,13494.1,20372.8,-,5455
965,Alpha Metallurgical Resources,2258.6,367000.00%,288.8,-,1857.7,2447.5,-,3500
966,GEO Group,2256.6,-40000%,77.4,-315000.00%,4537.4,809.8,-83,15800
967,Viasat,2256.1,-23000.00%,3.7,-,5349.5,3630.4,-75,5800
968,Benchmark Electronics,2255.3,98000.00%,35.8,1545000.00%,1903.9,881.4,-18,10900
969,Kar Auction Services,2251.6,29000.00%,66.5,132000000%,7417.2,2187.3,-56,8928
970,TTM Technologies,2248.7,-,54.4,-694000.00%,3025.5,1506.2,-65,16100
971,Kirby,2246.7,35000.00%,-247,-,5399.1,4345.9,-51,5125
972,Woodward,2245.8,-100000%,208.6,-132000.00%,4091,7882.4,-130,7200
973,Clear Channel Outdoor Holdings,2241.1,208000.00%,-433.8,-,5299.4,1630.9,27,4600
974,Spire,2235.5,205000.00%,271.7,2067000.00%,9356.4,3713.6,25,3710
975,Vista Outdoor,2225.5,267000.00%,266,-,1764.9,2007.9,-,5900
976,Surgery Partners,2225.1,196000.00%,-70.9,-,6117.6,4919.1,20,9600
977,LHC Group,2219.6,76000.00%,115.7,37000.00%,2895.6,5229.6,-30,23000
978,Amedisys,2214.1,69000.00%,209.1,139000.00%,1857,5603.9,-39,21000
979,Century Aluminum,2212.5,378000.00%,-167.1,-,1569.9,2400.3,-,2512
980,Arch Resources,2208,505000.00%,337.6,-,2117.2,2126.2,-,3303
981,Aerojet Rocketdyne Holdings,2188,56000.00%,143.7,44000.00%,2433.6,3169.4,-36,5000
982,Sleep Number,2184.9,177000.00%,153.7,105000.00%,919.5,1123.7,16,5388
983,HNI,2184.4,117000.00%,59.8,427000.00%,1497.9,1568.7,-12,8000
984,Pure Storage,2180.8,295000.00%,-143.3,-,3135.3,10238,-,4200
985,TrueBlue,2173.6,177000.00%,61.6,-,1033.2,995.6,-,6400
986,Party City Holdco,2171.1,173000.00%,-6.5,-,2711.9,402.6,-,11450
987,Dun & Bradstreet Holdings,2165.6,246000.00%,-71.7,-,9997.2,7554,-,6296
988,Dropbox,2157.9,127000.00%,335.8,-,3091.3,8873.5,-8,2667
989,New Jersey Resources,2156.6,104000.00%,117.9,-392000.00%,5722.3,4405.4,-17,1251
990,Acushnet Holdings,2147.9,332000.00%,178.9,863000.00%,2005.8,2914,-,6500
991,Harsco,2147,146000.00%,-3.2,-,3053.9,969.7,-,12000
992,Beazer Homes USA,2140.3,6000.00%,122,1336000.00%,2078.8,478.8,-61,1052
993,Chemed,2139.3,29000.00%,268.6,-159000.00%,1342.7,7592.5,-49,14137
994,Genesis Energy,2125.5,165000.00%,-165.1,-,5905.8,1435.4,-,1898
995,BWX Technologies,2124.1,-,305.9,98000.00%,2501.4,4925.6,-63,6600
996,Vizio Holding,2124,40000%,-39.4,-1384000.00%,935.8,1705.1,-,800
997,1-800-Flowers.com,2122.2,425000.00%,118.7,1011000.00%,1076.7,830,-,4800
998,Cowen,2112.8,302000.00%,295.6,366000.00%,8748.8,744.1,-,1534
999,Ashland Global Holdings,2111,-112000.00%,220,-,6612,5601.9,-130,4100
"1,000",DocuSign,2107.2,450000%,-70,-,2541.3,21302.8,-,7461